X.SampleID	initial_name	volume_ul	conc_nm	i7 Index	i5 Index	Qcneeded	customprimers	Notes1	Notes2	Notes3	workingname	origname	genotype	sex	lab	vial_num	vial_model	donorID	collection	num_flies	collector	comment2	sample_type	genotype_sex	genotype_class	collection_model	fecesexp	hethom	genotype_sex_num	genotype_sampletype
G1-13	13	30ul	2	CGAGAGTT	CGTCGCTA	FALSE	TRUE	G1	SA701	SC503	1.3	1.3	iPLA2-VIA Control	F	Bellen	1	iPLA2-VIA Control_Bellen_1_1	IPLA2 Control	1	5	na	na	flies	iPLA2-VIA Control_F	control	iPLA2-VIA Control_FBellen1	N	N	iPLA2-VIA Control_F_5	iPLA2-VIA Controlflies
G1-136	136	30ul	2	TGAGTACG	GCTCTAGT	FALSE	TRUE	G1	SA705	SC505	1.36	1.36	iPLA2-VIA Control	F	Bellen	2	iPLA2-VIA Control_Bellen_2_1	IPLA2 Control	1	5	na	na	flies	iPLA2-VIA Control_F	control	iPLA2-VIA Control_FBellen1	N	N	iPLA2-VIA Control_F_5	iPLA2-VIA Controlflies
G1-138	138	30ul	2	TGAGTACG	TGCGTACG	FALSE	TRUE	G1	SA705	SC507	1.38	1.38	iPLA2-VIA Control	F	Bellen	3	iPLA2-VIA Control_Bellen_3_1	IPLA2 Control	1	5	na	na	flies	iPLA2-VIA Control_F	control	iPLA2-VIA Control_FBellen1	N	N	iPLA2-VIA Control_F_5	iPLA2-VIA Controlflies
G2-414	414	30ul	1.7	CGTAGCGA	TCGACGAG	FALSE	TRUE	G2	SB712	SB506	4.14	4.14	iPLA2-VIA Control	F	Bellen	1	iPLA2-VIA Control_Bellen_1_2	IPLA2 Control	2	5	na	na	flies	iPLA2-VIA Control_F	control	iPLA2-VIA Control_FBellen2	N	N	iPLA2-VIA Control_F_5	iPLA2-VIA Controlflies
G2-416	416	30ul	1.7	CGTAGCGA	GTCAGATA	FALSE	TRUE	G2	SB712	SB508	4.16	4.16	iPLA2-VIA Control	F	Bellen	2	iPLA2-VIA Control_Bellen_2_2	IPLA2 Control	2	5	na	na	flies	iPLA2-VIA Control_F	control	iPLA2-VIA Control_FBellen2	N	N	iPLA2-VIA Control_F_5	iPLA2-VIA Controlflies
G3-418	418	30ul	1.8	CAGTAGGT	ATATACAC	FALSE	TRUE	G3	SC701	SC502	4.18	4.18	iPLA2-VIA Control	F	Bellen	3	iPLA2-VIA Control_Bellen_3_2	IPLA2 Control	2	5	na	na	flies	iPLA2-VIA Control_F	control	iPLA2-VIA Control_FBellen2	N	N	iPLA2-VIA Control_F_5	iPLA2-VIA Controlflies
G1-11	11	30ul	2	CGAGAGTT	ACGACGTG	FALSE	TRUE	G1	SA701	SC501	1.1	1.1	iPLA2-VIA[Delta174]	F	Bellen	1	iPLA2-VIA[Delta174]_Bellen_1_1	174	1	5	na	na	flies	iPLA2-VIA[Delta174]_F	mutant	iPLA2-VIA[Delta174]_FBellen1	N	N	iPLA2-VIA[Delta174]_F_5	iPLA2-VIA[Delta174]flies
G1-130	130	30ul	2	ACTCACTG	TGCGTACG	FALSE	TRUE	G1	SA704	SC507	1.30.	1.3	iPLA2-VIA[Delta174]	F	Bellen	2	iPLA2-VIA[Delta174]_Bellen_2_1	174	1	5	na	na	flies	iPLA2-VIA[Delta174]_F	mutant	iPLA2-VIA[Delta174]_FBellen1	N	N	iPLA2-VIA[Delta174]_F_5	iPLA2-VIA[Delta174]flies
G2-194	194	30ul	1.7	CTCGACTT	CTACTATA	FALSE	TRUE	G2	SB701	SB501	1.94	1.94	iPLA2-VIA[Delta174]	F	Bellen	1	iPLA2-VIA[Delta174]_Bellen_1_1	174	1	5	na	na	flies	iPLA2-VIA[Delta174]_F	mutant	iPLA2-VIA[Delta174]_FBellen1	N	N	iPLA2-VIA[Delta174]_F_5	iPLA2-VIA[Delta174]flies
G3-426	426	30ul	1.8	ATAGCGCT	CTAGAGCT	FALSE	TRUE	G3	SC702	SC504	4.26	4.26	iPLA2-VIA[Delta174]	F	Bellen	1	iPLA2-VIA[Delta174]_Bellen_1_2	174	2	5	na	na	flies	iPLA2-VIA[Delta174]_F	mutant	iPLA2-VIA[Delta174]_FBellen2	N	N	iPLA2-VIA[Delta174]_F_5	iPLA2-VIA[Delta174]flies
G3-428	428	30ul	1.8	ATAGCGCT	GACACTGA	FALSE	TRUE	G3	SC702	SC506	4.28	4.28	iPLA2-VIA[Delta174]	F	Bellen	2	iPLA2-VIA[Delta174]_Bellen_2_2	174	2	5	na	na	flies	iPLA2-VIA[Delta174]_F	mutant	iPLA2-VIA[Delta174]_FBellen2	N	N	iPLA2-VIA[Delta174]_F_5	iPLA2-VIA[Delta174]flies
G3-430	430	30ul	1.8	ATGAGCTC	GCTCTAGT	FALSE	TRUE	G3	SC707	SC505	4.30.	4.3	iPLA2-VIA[Delta174]	F	Bellen	3	iPLA2-VIA[Delta174]_Bellen_3_2	174	2	5	na	na	flies	iPLA2-VIA[Delta174]_F	mutant	iPLA2-VIA[Delta174]_FBellen2	N	N	iPLA2-VIA[Delta174]_F_5	iPLA2-VIA[Delta174]flies
G1-132	132	30ul	2	TGAGTACG	ACGACGTG	FALSE	TRUE	G1	SA705	SC501	1.32	1.32	iPLA2-VIA[Delta192]	F	Bellen	1	iPLA2-VIA[Delta192]_Bellen_1_1	192	1	5	na	na	flies	iPLA2-VIA[Delta192]_F	mutant	iPLA2-VIA[Delta192]_FBellen1	N	N	iPLA2-VIA[Delta192]_F_5	iPLA2-VIA[Delta192]flies
G1-15	15	30ul	2	CGAGAGTT	GCTCTAGT	FALSE	TRUE	G1	SA701	SC505	1.5	1.5	iPLA2-VIA[Delta192]	F	Bellen	1	iPLA2-VIA[Delta192]_Bellen_1_1	192	1	5	na	na	flies	iPLA2-VIA[Delta192]_F	mutant	iPLA2-VIA[Delta192]_FBellen1	N	N	iPLA2-VIA[Delta192]_F_5	iPLA2-VIA[Delta192]flies
G1-178	178	30ul	2	GTCTATGA	GCTCTAGT	FALSE	TRUE	G1	SA711	SC505	1.78	1.78	iPLA2-VIA[Delta192]	F	Bellen	2	iPLA2-VIA[Delta192]_Bellen_2_1	192	1	5	na	na	flies	iPLA2-VIA[Delta192]_F	mutant	iPLA2-VIA[Delta192]_FBellen1	N	N	iPLA2-VIA[Delta192]_F_5	iPLA2-VIA[Delta192]flies
G3-422	422	30ul	1.8	CAGTAGGT	TAGTGTAG	FALSE	TRUE	G3	SC701	SC508	4.22	4.22	iPLA2-VIA[Delta192]	F	Bellen	0	iPLA2-VIA[Delta192]_Bellen_0_2	192	2	5	na	na	flies	iPLA2-VIA[Delta192]_F	mutant	iPLA2-VIA[Delta192]_FBellen2	N	N	iPLA2-VIA[Delta192]_F_5	iPLA2-VIA[Delta192]flies
G3-424	424	30ul	1.8	ATAGCGCT	ATATACAC	FALSE	TRUE	G3	SC702	SC502	4.24	4.24	iPLA2-VIA[Delta192]	F	Bellen	0	iPLA2-VIA[Delta192]_Bellen_0_2	192	2	5	na	na	flies	iPLA2-VIA[Delta192]_F	mutant	iPLA2-VIA[Delta192]_FBellen2	N	N	iPLA2-VIA[Delta192]_F_5	iPLA2-VIA[Delta192]flies
G3-420	420	30ul	1.8	CAGTAGGT	GCTCTAGT	FALSE	TRUE	G3	SC701	SC505	4.20.	4.2	iPLA2-VIA[Delta192]	F	Bellen	0	iPLA2-VIA[Delta192]_Bellen_0_2	192	2	5	na	na	flies	iPLA2-VIA[Delta192]_F	mutant	iPLA2-VIA[Delta192]_FBellen2	N	N	iPLA2-VIA[Delta192]_F_5	iPLA2-VIA[Delta192]flies
G1-135	135	30ul	2	TGAGTACG	CTAGAGCT	FALSE	TRUE	G1	SA705	SC504	1.35	1.35	iPLA2-VIA Control	M	Bellen	2	iPLA2-VIA Control_Bellen_2_1	IPLA2 Control	1	5	na	na	flies	iPLA2-VIA Control_M	control	iPLA2-VIA Control_MBellen1	N	N	iPLA2-VIA Control_M_5	iPLA2-VIA Controlflies
G1-137	137	30ul	2	TGAGTACG	GACACTGA	FALSE	TRUE	G1	SA705	SC506	1.37	1.37	iPLA2-VIA Control	M	Bellen	3	iPLA2-VIA Control_Bellen_3_1	IPLA2 Control	1	5	na	na	flies	iPLA2-VIA Control_M	control	iPLA2-VIA Control_MBellen1	N	N	iPLA2-VIA Control_M_5	iPLA2-VIA Controlflies
G1-14	14	30ul	2	CGAGAGTT	CTAGAGCT	FALSE	TRUE	G1	SA701	SC504	1.4	1.4	iPLA2-VIA Control	M	Bellen	1	iPLA2-VIA Control_Bellen_1_1	IPLA2 Control	1	5	na	na	flies	iPLA2-VIA Control_M	control	iPLA2-VIA Control_MBellen1	N	N	iPLA2-VIA Control_M_5	iPLA2-VIA Controlflies
G2-413	413	30ul	1.7	CGTAGCGA	ACGTCTCG	FALSE	TRUE	G2	SB712	SB505	4.13	4.13	iPLA2-VIA Control	M	Bellen	1	iPLA2-VIA Control_Bellen_1_2	IPLA2 Control	2	5	na	na	flies	iPLA2-VIA Control_M	control	iPLA2-VIA Control_MBellen2	N	N	iPLA2-VIA Control_M_5	iPLA2-VIA Controlflies
G2-415	415	30ul	1.7	CGTAGCGA	GATCGTGT	FALSE	TRUE	G2	SB712	SB507	4.15	4.15	iPLA2-VIA Control	M	Bellen	2	iPLA2-VIA Control_Bellen_2_2	IPLA2 Control	2	5	na	na	flies	iPLA2-VIA Control_M	control	iPLA2-VIA Control_MBellen2	N	N	iPLA2-VIA Control_M_5	iPLA2-VIA Controlflies
G3-417	417	30ul	1.8	CAGTAGGT	ACGACGTG	FALSE	TRUE	G3	SC701	SC501	4.17	4.17	iPLA2-VIA Control	M	Bellen	3	iPLA2-VIA Control_Bellen_3_2	IPLA2 Control	2	5	na	na	flies	iPLA2-VIA Control_M	control	iPLA2-VIA Control_MBellen2	N	N	iPLA2-VIA Control_M_5	iPLA2-VIA Controlflies
G1-12	12	30ul	2	CGAGAGTT	ATATACAC	FALSE	TRUE	G1	SA701	SC502	1.2	1.2	iPLA2-VIA[Delta174]	M	Bellen	1	iPLA2-VIA[Delta174]_Bellen_1_1	174	1	5	na	na	flies	iPLA2-VIA[Delta174]_M	mutant	iPLA2-VIA[Delta174]_MBellen1	N	N	iPLA2-VIA[Delta174]_M_5	iPLA2-VIA[Delta174]flies
G1-129	129	30ul	2	ACTCACTG	GACACTGA	FALSE	TRUE	G1	SA704	SC506	1.29	1.29	iPLA2-VIA[Delta174]	M	Bellen	2	iPLA2-VIA[Delta174]_Bellen_2_1	174	1	5	na	na	flies	iPLA2-VIA[Delta174]_M	mutant	iPLA2-VIA[Delta174]_MBellen1	N	N	iPLA2-VIA[Delta174]_M_5	iPLA2-VIA[Delta174]flies
G1-193	193	30ul	2	TATAGCGA	TAGTGTAG	FALSE	TRUE	G1	SA712	SC508	1.93	1.93	iPLA2-VIA[Delta174]	M	Bellen	1	iPLA2-VIA[Delta174]_Bellen_1_1	174	1	5	na	na	flies	iPLA2-VIA[Delta174]_M	mutant	iPLA2-VIA[Delta174]_MBellen1	N	N	iPLA2-VIA[Delta174]_M_5	iPLA2-VIA[Delta174]flies
G3-425	425	30ul	1.8	ATAGCGCT	CGTCGCTA	FALSE	TRUE	G3	SC702	SC503	4.25	4.25	iPLA2-VIA[Delta174]	M	Bellen	1	iPLA2-VIA[Delta174]_Bellen_1_2	174	2	5	na	na	flies	iPLA2-VIA[Delta174]_M	mutant	iPLA2-VIA[Delta174]_MBellen2	N	N	iPLA2-VIA[Delta174]_M_5	iPLA2-VIA[Delta174]flies
G3-427	427	30ul	1.8	ATAGCGCT	GCTCTAGT	FALSE	TRUE	G3	SC702	SC505	4.27	4.27	iPLA2-VIA[Delta174]	M	Bellen	2	iPLA2-VIA[Delta174]_Bellen_2_2	174	2	5	na	na	flies	iPLA2-VIA[Delta174]_M	mutant	iPLA2-VIA[Delta174]_MBellen2	N	N	iPLA2-VIA[Delta174]_M_5	iPLA2-VIA[Delta174]flies
G3-429	429	30ul	1.8	ATAGCGCT	TGCGTACG	FALSE	TRUE	G3	SC702	SC507	4.29	4.29	iPLA2-VIA[Delta174]	M	Bellen	3	iPLA2-VIA[Delta174]_Bellen_3_2	174	2	5	na	na	flies	iPLA2-VIA[Delta174]_M	mutant	iPLA2-VIA[Delta174]_MBellen2	N	N	iPLA2-VIA[Delta174]_M_5	iPLA2-VIA[Delta174]flies
G1-131	131	30ul	2	ACTCACTG	TAGTGTAG	FALSE	TRUE	G1	SA704	SC508	1.31	1.31	iPLA2-VIA[Delta192]	M	Bellen	1	iPLA2-VIA[Delta192]_Bellen_1_1	192	1	5	na	na	flies	iPLA2-VIA[Delta192]_M	mutant	iPLA2-VIA[Delta192]_MBellen1	N	N	iPLA2-VIA[Delta192]_M_5	iPLA2-VIA[Delta192]flies
G1-16	16	30ul	2	CGAGAGTT	GACACTGA	FALSE	TRUE	G1	SA701	SC506	1.6	1.6	iPLA2-VIA[Delta192]	M	Bellen	1	iPLA2-VIA[Delta192]_Bellen_1_1	192	1	5	na	na	flies	iPLA2-VIA[Delta192]_M	mutant	iPLA2-VIA[Delta192]_MBellen1	N	N	iPLA2-VIA[Delta192]_M_5	iPLA2-VIA[Delta192]flies
G1-177	177	30ul	2	GTCTATGA	CTAGAGCT	FALSE	TRUE	G1	SA711	SC504	1.77	1.77	iPLA2-VIA[Delta192]	M	Bellen	2	iPLA2-VIA[Delta192]_Bellen_2_1	192	1	5	na	na	flies	iPLA2-VIA[Delta192]_M	mutant	iPLA2-VIA[Delta192]_MBellen1	N	N	iPLA2-VIA[Delta192]_M_5	iPLA2-VIA[Delta192]flies
G3-419	419	30ul	1.8	CAGTAGGT	CGTCGCTA	FALSE	TRUE	G3	SC701	SC503	4.19	4.19	iPLA2-VIA[Delta192]	M	Bellen	0	iPLA2-VIA[Delta192]_Bellen_0_2	192	2	5	na	na	flies	iPLA2-VIA[Delta192]_M	mutant	iPLA2-VIA[Delta192]_MBellen2	N	N	iPLA2-VIA[Delta192]_M_5	iPLA2-VIA[Delta192]flies
G3-421	421	30ul	1.8	CAGTAGGT	TGCGTACG	FALSE	TRUE	G3	SC701	SC507	4.21	4.21	iPLA2-VIA[Delta192]	M	Bellen	0	iPLA2-VIA[Delta192]_Bellen_0_2	192	2	5	na	na	flies	iPLA2-VIA[Delta192]_M	mutant	iPLA2-VIA[Delta192]_MBellen2	N	N	iPLA2-VIA[Delta192]_M_5	iPLA2-VIA[Delta192]flies
G3-423	423	30ul	1.8	ATAGCGCT	ACGACGTG	FALSE	TRUE	G3	SC702	SC501	4.23	4.23	iPLA2-VIA[Delta192]	M	Bellen	0	iPLA2-VIA[Delta192]_Bellen_0_2	192	2	5	na	na	flies	iPLA2-VIA[Delta192]_M	mutant	iPLA2-VIA[Delta192]_MBellen2	N	N	iPLA2-VIA[Delta192]_M_5	iPLA2-VIA[Delta192]flies
G1-122	122	30ul	2	ACGCTACT	TGCGTACG	FALSE	TRUE	G1	SA703	SC507	1.22	1.22	DJ-1 _/_	F	Bloomington	0	DJ-1 _/__Bloomington_0_1	33602	1	5	na	na	flies	DJ-1 _/__F	mutant	DJ-1 _/__FBloomington1	N	N	DJ-1 _/__F_5	DJ-1 _/_flies
G1-168	168	30ul	2	GTCTGCTA	ATATACAC	FALSE	TRUE	G1	SA710	SC502	1.68	1.68	DJ-1 _/_	F	Bloomington	0	DJ-1 _/__Bloomington_0_1	33602	1	5	na	na	flies	DJ-1 _/__F	mutant	DJ-1 _/__FBloomington1	N	N	DJ-1 _/__F_5	DJ-1 _/_flies
G1-170	170	30ul	2	GTCTGCTA	CTAGAGCT	FALSE	TRUE	G1	SA710	SC504	1.70.	1.7	DJ-1 _/_	F	Bloomington	0	DJ-1 _/__Bloomington_0_1	33602	1	5	na	na	flies	DJ-1 _/__F	mutant	DJ-1 _/__FBloomington1	N	N	DJ-1 _/__F_5	DJ-1 _/_flies
G3-52	52	30ul	1.8	TCTAGACT	TAGTGTAG	FALSE	TRUE	G3	SC703	SC508	5.2	5.2	DJ-1 _/_	F	Bloomington	0	DJ-1 _/__Bloomington_0_2	33602	2	5	na	na	flies	DJ-1 _/__F	mutant	DJ-1 _/__FBloomington2	N	N	DJ-1 _/__F_5	DJ-1 _/_flies
G3-54	54	30ul	1.8	TCCTCATG	ATATACAC	FALSE	TRUE	G3	SC704	SC502	5.4	5.4	DJ-1 _/_	F	Bloomington	0	DJ-1 _/__Bloomington_0_2	33602	2	5	na	na	flies	DJ-1 _/__F	mutant	DJ-1 _/__FBloomington2	N	N	DJ-1 _/__F_5	DJ-1 _/_flies
G3-56	56	30ul	1.8	TCCTCATG	CGTCGCTA	FALSE	TRUE	G3	SC704	SC503	5.6	5.6	DJ-1 _/_	F	Bloomington	0	DJ-1 _/__Bloomington_0_2	33602	2	5	na	na	flies	DJ-1 _/__F	mutant	DJ-1 _/__FBloomington2	N	N	DJ-1 _/__F_5	DJ-1 _/_flies
G1-110	110	30ul	2	GACATAGT	CGTCGCTA	FALSE	TRUE	G1	SA702	SC503	1.10.	1.1	iPLA2-VIA[Delta174]	F	Bloomington	0	iPLA2-VIA[Delta174]_Bloomington_0_1	80133	1	5	na	na	flies	iPLA2-VIA[Delta174]_F	mutant	iPLA2-VIA[Delta174]_FBloomington1	N	N	iPLA2-VIA[Delta174]_F_5	iPLA2-VIA[Delta174]flies
G1-158	158	30ul	2	CGAGCGAC	CTAGAGCT	FALSE	TRUE	G1	SA708	SC504	1.58	1.58	iPLA2-VIA[Delta174]	F	Bloomington	0	iPLA2-VIA[Delta174]_Bloomington_0_1	80133	1	5	na	na	flies	iPLA2-VIA[Delta174]_F	mutant	iPLA2-VIA[Delta174]_FBloomington1	N	N	iPLA2-VIA[Delta174]_F_5	iPLA2-VIA[Delta174]flies
G1-160	160	30ul	2	CGAGCGAC	GACACTGA	FALSE	TRUE	G1	SA708	SC506	1.60.	1.6	iPLA2-VIA[Delta174]	F	Bloomington	0	iPLA2-VIA[Delta174]_Bloomington_0_1	80133	1	5	na	na	flies	iPLA2-VIA[Delta174]_F	mutant	iPLA2-VIA[Delta174]_FBloomington1	N	N	iPLA2-VIA[Delta174]_F_5	iPLA2-VIA[Delta174]flies
G3-42	42	30ul	1.8	CAGTAGGT	CTAGAGCT	FALSE	TRUE	G3	SC701	SC504	4.2	4.2	iPLA2-VIA[Delta174]	F	Bloomington	0	iPLA2-VIA[Delta174]_Bloomington_0_2	80133	2	5	na	na	flies	iPLA2-VIA[Delta174]_F	mutant	iPLA2-VIA[Delta174]_FBloomington2	N	N	iPLA2-VIA[Delta174]_F_5	iPLA2-VIA[Delta174]flies
G3-44	44	30ul	1.8	TCTAGACT	ACGACGTG	FALSE	TRUE	G3	SC703	SC501	4.4	4.4	iPLA2-VIA[Delta174]	F	Bloomington	0	iPLA2-VIA[Delta174]_Bloomington_0_2	80133	2	5	na	na	flies	iPLA2-VIA[Delta174]_F	mutant	iPLA2-VIA[Delta174]_FBloomington2	N	N	iPLA2-VIA[Delta174]_F_5	iPLA2-VIA[Delta174]flies
G3-46	46	30ul	1.8	TCTAGACT	CGTCGCTA	FALSE	TRUE	G3	SC703	SC503	4.6	4.6	iPLA2-VIA[Delta174]	F	Bloomington	0	iPLA2-VIA[Delta174]_Bloomington_0_2	80133	2	5	na	na	flies	iPLA2-VIA[Delta174]_F	mutant	iPLA2-VIA[Delta174]_FBloomington2	N	N	iPLA2-VIA[Delta174]_F_5	iPLA2-VIA[Delta174]flies
G1-116	116	30ul	2	ACGCTACT	ACGACGTG	FALSE	TRUE	G1	SA703	SC501	1.16	1.16	iPLA2-VIA[Delta192]	F	Bloomington	0	iPLA2-VIA[Delta192]_Bloomington_0_1	80134	1	5	na	na	flies	iPLA2-VIA[Delta192]_F	mutant	iPLA2-VIA[Delta192]_FBloomington1	N	N	iPLA2-VIA[Delta192]_F_5	iPLA2-VIA[Delta192]flies
G1-162	162	30ul	2	CGAGCGAC	TAGTGTAG	FALSE	TRUE	G1	SA708	SC508	1.62	1.62	iPLA2-VIA[Delta192]	F	Bloomington	0	iPLA2-VIA[Delta192]_Bloomington_0_1	80134	1	5	na	na	flies	iPLA2-VIA[Delta192]_F	mutant	iPLA2-VIA[Delta192]_FBloomington1	N	N	iPLA2-VIA[Delta192]_F_5	iPLA2-VIA[Delta192]flies
G2-412	412	30ul	1.7	CGTAGCGA	TACGAGAC	FALSE	TRUE	G2	SB712	SB504	4.12	4.12	iPLA2-VIA[Delta192]	F	Bloomington	0	iPLA2-VIA[Delta192]_Bloomington_0_2	80134	2	5	na	na	flies	iPLA2-VIA[Delta192]_F	mutant	iPLA2-VIA[Delta192]_FBloomington2	N	N	iPLA2-VIA[Delta192]_F_5	iPLA2-VIA[Delta192]flies
G2-410	410	30ul	1.7	CGTAGCGA	CTACTATA	FALSE	TRUE	G2	SB712	SB501	4.10.	4.1	iPLA2-VIA[Delta192]	F	Bloomington	0	iPLA2-VIA[Delta192]_Bloomington_0_2	80134	2	5	na	na	flies	iPLA2-VIA[Delta192]_F	mutant	iPLA2-VIA[Delta192]_FBloomington2	N	N	iPLA2-VIA[Delta192]_F_5	iPLA2-VIA[Delta192]flies
G3-48	48	30ul	1.8	TCTAGACT	GCTCTAGT	FALSE	TRUE	G3	SC703	SC505	4.8	4.8	iPLA2-VIA[Delta192]	F	Bloomington	0	iPLA2-VIA[Delta192]_Bloomington_0_2	80134	2	5	na	na	flies	iPLA2-VIA[Delta192]_F	mutant	iPLA2-VIA[Delta192]_FBloomington2	N	N	iPLA2-VIA[Delta192]_F_5	iPLA2-VIA[Delta192]flies
G1-114	114	30ul	2	GACATAGT	TGCGTACG	FALSE	TRUE	G1	SA702	SC507	1.14	1.14	park13	F	Bloomington	0	park13_Bloomington_0_1	79210	1	5	na	na	flies	park13_F	mutant	park13_FBloomington1	N	N	park13_F_5	park13flies
G1-164	164	30ul	2	ACTACGAC	GACACTGA	FALSE	TRUE	G1	SA709	SC506	1.64	1.64	park13	F	Bloomington	0	park13_Bloomington_0_1	79210	1	5	na	na	flies	park13_F	mutant	park13_FBloomington1	N	N	park13_F_5	park13flies
G1-166	166	30ul	2	ACTACGAC	TAGTGTAG	FALSE	TRUE	G1	SA709	SC508	1.66	1.66	park13	F	Bloomington	0	park13_Bloomington_0_1	79210	1	5	na	na	flies	park13_F	mutant	park13_FBloomington1	N	N	park13_F_5	park13flies
G2-312	312	30ul	1.7	GCGTATAC	TACGAGAC	FALSE	TRUE	G2	SB709	SB504	3.12	3.12	park13	F	Bloomington	0	park13_Bloomington_0_2	79210	2	5	na	na	flies	park13_F	mutant	park13_FBloomington2	N	N	park13_F_5	park13flies
G2-38	38	30ul	1.7	ACGTGCGC	GATCGTGT	FALSE	TRUE	G2	SB707	SB507	3.8	3.8	park13	F	Bloomington	0	park13_Bloomington_0_2	79210	2	5	na	na	flies	park13_F	mutant	park13_FBloomington2	N	N	park13_F_5	park13flies
G2-310	310	30ul	1.7	GCGTATAC	CGTTACTA	FALSE	TRUE	G2	SB709	SB502	3.10.	3.1	park13	F	Bloomington	0	park13_Bloomington_0_2	79210	2	5	na	na	flies	park13_F	mutant	park13_FBloomington2	N	N	park13_F_5	park13flies
G1-124	124	30ul	2	ACTCACTG	ACGACGTG	FALSE	TRUE	G1	SA704	SC501	1.24	1.24	pBac{WH}ntc[f07259)	F	Bloomington	0	pBac{WH}ntc[f07259)_Bloomington_0_1	19063	1	5	na	na	flies	pBac{WH}ntc[f07259)_F	mutant	pBac{WH}ntc[f07259)_FBloomington1	N	N	pBac{WH}ntc[f07259)_F_5	pBac{WH}ntc[f07259)flies
G3-62	62	30ul	1.8	TCCTCATG	GCTCTAGT	FALSE	TRUE	G3	SC704	SC505	6.2	6.2	pBac{WH}ntc[f07259)	F	Bloomington	0	pBac{WH}ntc[f07259)_Bloomington_0_2	19063	2	5	na	na	flies	pBac{WH}ntc[f07259)_F	mutant	pBac{WH}ntc[f07259)_FBloomington2	N	N	pBac{WH}ntc[f07259)_F_5	pBac{WH}ntc[f07259)flies
G3-64	64	30ul	1.8	TCCTCATG	TGCGTACG	FALSE	TRUE	G3	SC704	SC507	6.4	6.4	pBac{WH}ntc[f07259)	F	Bloomington	0	pBac{WH}ntc[f07259)_Bloomington_0_2	19063	2	5	na	na	flies	pBac{WH}ntc[f07259)_F	mutant	pBac{WH}ntc[f07259)_FBloomington2	N	N	pBac{WH}ntc[f07259)_F_5	pBac{WH}ntc[f07259)flies
G3-66	66	30ul	1.8	CGAGCTAG	ACGACGTG	FALSE	TRUE	G3	SC705	SC501	6.6	6.6	pBac{WH}ntc[f07259)	F	Bloomington	0	pBac{WH}ntc[f07259)_Bloomington_0_2	19063	2	5	na	na	flies	pBac{WH}ntc[f07259)_F	mutant	pBac{WH}ntc[f07259)_FBloomington2	N	N	pBac{WH}ntc[f07259)_F_5	pBac{WH}ntc[f07259)flies
G1-112	112	30ul	2	GACATAGT	GCTCTAGT	FALSE	TRUE	G1	SA702	SC505	1.12	1.12	pink15	F	Bloomington	0	pink15_Bloomington_0_1	51649	1	5	na	na	flies	pink15_F	mutant	pink15_FBloomington1	N	N	pink15_F_5	pink15flies
G1-184	184	30ul	2	ACTACGAC	ATATACAC	FALSE	TRUE	G1	SA709	SC502	1.84	1.84	pink15	F	Bloomington	0	pink15_Bloomington_0_1	51649	1	5	na	na	flies	pink15_F	mutant	pink15_FBloomington1	N	N	pink15_F_5	pink15flies
G1-186	186	30ul	2	ACTACGAC	CTAGAGCT	FALSE	TRUE	G1	SA709	SC504	1.86	1.86	pink15	F	Bloomington	0	pink15_Bloomington_0_1	51649	1	5	na	na	flies	pink15_F	mutant	pink15_FBloomington1	N	N	pink15_F_5	pink15flies
G2-226	226	30ul	1.7	ATAGTACC	TACGAGAC	FALSE	TRUE	G2	SB708	SB504	2.26	2.26	pink15	F	Bloomington	0	pink15_Bloomington_0_2	51649	2	5	na	na	flies	pink15_F	mutant	pink15_FBloomington2	N	N	pink15_F_5	pink15flies
G2-228	228	30ul	1.7	ATAGTACC	TCGACGAG	FALSE	TRUE	G2	SB708	SB506	2.28	2.28	pink15	F	Bloomington	0	pink15_Bloomington_0_2	51649	2	5	na	na	flies	pink15_F	mutant	pink15_FBloomington2	N	N	pink15_F_5	pink15flies
G2-230	230	30ul	1.7	ATAGTACC	GTCAGATA	FALSE	TRUE	G2	SB708	SB508	2.30.	2.3	pink15	F	Bloomington	0	pink15_Bloomington_0_2	51649	2	5	na	na	flies	pink15_F	mutant	pink15_FBloomington2	N	N	pink15_F_5	pink15flies
G1-120	120	30ul	2	ACGCTACT	GCTCTAGT	FALSE	TRUE	G1	SA703	SC505	1.20.	1.2	w11186326	F	Bloomington	0	w1118_Bloomington_0_1	6326	1	5	na	na	flies	w1118_F	control	w1118_FBloomington1	N	N	w11186326_F_5	w11186326flies
G1-154	154	30ul	2	TAGTCTCC	TAGTGTAG	FALSE	TRUE	G1	SA707	SC508	1.54	1.54	w1118	F	Bloomington	0	w1118_Bloomington_0_1	5905	1	5	na	na	flies	w1118_F	control	w1118_FBloomington1	N	N	w1118_F_5	w1118flies
G1-156	156	30ul	2	CGAGCGAC	ATATACAC	FALSE	TRUE	G1	SA708	SC502	1.56	1.56	w1118	F	Bloomington	0	w1118_Bloomington_0_1	5905	1	5	na	na	flies	w1118_F	control	w1118_FBloomington1	N	N	w1118_F_5	w1118flies
G1-172	172	30ul	2	GTCTGCTA	GACACTGA	FALSE	TRUE	G1	SA710	SC506	1.72	1.72	w11186326	F	Bloomington	0	w1118_Bloomington_0_1	6326	1	5	na	na	flies	w1118_F	control	w1118_FBloomington1	N	N	w11186326_F_5	w11186326flies
G1-174	174	30ul	2	GTCTGCTA	TAGTGTAG	FALSE	TRUE	G1	SA710	SC508	1.74	1.74	w11186326	F	Bloomington	0	w1118_Bloomington_0_1	6326	1	5	na	na	flies	w1118_F	control	w1118_FBloomington1	N	N	w11186326_F_5	w11186326flies
G1-18	18	30ul	2	CGAGAGTT	TAGTGTAG	FALSE	TRUE	G1	SA701	SC508	1.8	1.8	w1118	F	Bloomington	0	w1118_Bloomington_0_1	5905	1	5	na	na	flies	w1118_F	control	w1118_FBloomington1	N	N	w1118_F_5	w1118flies
G3-712	712	30ul	1.8	CGAGCTAG	GCTCTAGT	FALSE	TRUE	G3	SC705	SC505	7.12	7.12	w1118	F	Bloomington	0	w1118_Bloomington_0_2	5905	2	5	na	na	flies	w1118_F	control	w1118_FBloomington2	N	N	w1118_F_5	w1118flies
G3-714	714	30ul	1.8	CGAGCTAG	TGCGTACG	FALSE	TRUE	G3	SC705	SC507	7.14	7.14	w11186326	F	Bloomington	0	w1118_Bloomington_0_2	6326	2	5	na	na	flies	w1118_F	control	w1118_FBloomington2	N	N	w11186326_F_5	w11186326flies
G3-716	716	30ul	1.8	CTCTAGAG	ACGACGTG	FALSE	TRUE	G3	SC706	SC501	7.16	7.16	w11186326	F	Bloomington	0	w1118_Bloomington_0_2	6326	2	5	na	na	flies	w1118_F	control	w1118_FBloomington2	N	N	w11186326_F_5	w11186326flies
G3-718	718	30ul	1.8	CTCTAGAG	CGTCGCTA	FALSE	TRUE	G3	SC706	SC503	7.18	7.18	w11186326	F	Bloomington	0	w1118_Bloomington_0_2	6326	2	5	na	na	flies	w1118_F	control	w1118_FBloomington2	N	N	w11186326_F_5	w11186326flies
G3-78	78	30ul	1.8	CTCTAGAG	GCTCTAGT	FALSE	TRUE	G3	SC706	SC505	7.8	7.8	w1118	F	Bloomington	0	w1118_Bloomington_0_2	5905	2	5	na	na	flies	w1118_F	control	w1118_FBloomington2	N	N	w1118_F_5	w1118flies
G3-710	710	30ul	1.8	CGAGCTAG	CGTCGCTA	FALSE	TRUE	G3	SC705	SC503	7.10.	7.1	w1118	F	Bloomington	0	w1118_Bloomington_0_2	5905	2	5	na	na	flies	w1118_F	control	w1118_FBloomington2	N	N	w1118_F_5	w1118flies
G1-118	118	30ul	2	ACGCTACT	CGTCGCTA	FALSE	TRUE	G1	SA703	SC503	1.18	1.18	"y[1] w[67c23] ""kermit"""	F	Bloomington	0	"y[1] w[67c23] ""kermit""_Bloomington_0_1"	6599	1	5	na	na	flies	"y[1] w[67c23] ""kermit""_F"	control	"y[1] w[67c23] ""kermit""_FBloomington1"	N	N	"y[1] w[67c23] ""kermit""_F_5"	"y[1] w[67c23] ""kermit""flies"
G3-82	82	30ul	1.8	CTCTAGAG	TAGTGTAG	FALSE	TRUE	G3	SC706	SC508	8.2	8.2	"y[1] w[67c23] ""kermit"""	F	Bloomington	0	"y[1] w[67c23] ""kermit""_Bloomington_0_2"	6599	2	5	na	na	flies	"y[1] w[67c23] ""kermit""_F"	control	"y[1] w[67c23] ""kermit""_FBloomington2"	N	N	"y[1] w[67c23] ""kermit""_F_5"	"y[1] w[67c23] ""kermit""flies"
G3-84	84	30ul	1.8	ATGAGCTC	ATATACAC	FALSE	TRUE	G3	SC707	SC502	8.4	8.4	"y[1] w[67c23] ""kermit"""	F	Bloomington	0	"y[1] w[67c23] ""kermit""_Bloomington_0_2"	6599	2	5	na	na	flies	"y[1] w[67c23] ""kermit""_F"	control	"y[1] w[67c23] ""kermit""_FBloomington2"	N	N	"y[1] w[67c23] ""kermit""_F_5"	"y[1] w[67c23] ""kermit""flies"
G3-86	86	30ul	1.8	ATGAGCTC	CTAGAGCT	FALSE	TRUE	G3	SC707	SC504	8.6	8.6	"y[1] w[67c23] ""kermit"""	F	Bloomington	0	"y[1] w[67c23] ""kermit""_Bloomington_0_2"	6599	2	5	na	na	flies	"y[1] w[67c23] ""kermit""_F"	control	"y[1] w[67c23] ""kermit""_FBloomington2"	N	N	"y[1] w[67c23] ""kermit""_F_5"	"y[1] w[67c23] ""kermit""flies"
G1-121	121	30ul	2	ACGCTACT	GACACTGA	FALSE	TRUE	G1	SA703	SC506	1.21	1.21	DJ-1 _/_	M	Bloomington	0	DJ-1 _/__Bloomington_0_1	33602	1	5	na	na	flies	DJ-1 _/__M	mutant	DJ-1 _/__MBloomington1	N	N	DJ-1 _/__M_5	DJ-1 _/_flies
G1-167	167	30ul	2	GTCTGCTA	ACGACGTG	FALSE	TRUE	G1	SA710	SC501	1.67	1.67	DJ-1 _/_	M	Bloomington	0	DJ-1 _/__Bloomington_0_1	33602	1	5	na	na	flies	DJ-1 _/__M	mutant	DJ-1 _/__MBloomington1	N	N	DJ-1 _/__M_5	DJ-1 _/_flies
G1-169	169	30ul	2	GTCTGCTA	CGTCGCTA	FALSE	TRUE	G1	SA710	SC503	1.69	1.69	DJ-1 _/_	M	Bloomington	0	DJ-1 _/__Bloomington_0_1	33602	1	5	na	na	flies	DJ-1 _/__M	mutant	DJ-1 _/__MBloomington1	N	N	DJ-1 _/__M_5	DJ-1 _/_flies
G3-51	51	30ul	1.8	TCTAGACT	TGCGTACG	FALSE	TRUE	G3	SC703	SC507	5.1	5.1	DJ-1 _/_	M	Bloomington	0	DJ-1 _/__Bloomington_0_2	33602	2	5	na	na	flies	DJ-1 _/__M	mutant	DJ-1 _/__MBloomington2	N	N	DJ-1 _/__M_5	DJ-1 _/_flies
G3-53	53	30ul	1.8	TCCTCATG	ACGACGTG	FALSE	TRUE	G3	SC704	SC501	5.3	5.3	DJ-1 _/_	M	Bloomington	0	DJ-1 _/__Bloomington_0_2	33602	2	5	na	na	flies	DJ-1 _/__M	mutant	DJ-1 _/__MBloomington2	N	N	DJ-1 _/__M_5	DJ-1 _/_flies
G1-157	157	30ul	2	CGAGCGAC	CGTCGCTA	FALSE	TRUE	G1	SA708	SC503	1.57	1.57	iPLA2-VIA[Delta174]	M	Bloomington	0	iPLA2-VIA[Delta174]_Bloomington_0_1	80133	1	5	na	na	flies	iPLA2-VIA[Delta174]_M	mutant	iPLA2-VIA[Delta174]_MBloomington1	N	N	iPLA2-VIA[Delta174]_M_5	iPLA2-VIA[Delta174]flies
G1-159	159	30ul	2	CGAGCGAC	GCTCTAGT	FALSE	TRUE	G1	SA708	SC505	1.59	1.59	iPLA2-VIA[Delta174]	M	Bloomington	0	iPLA2-VIA[Delta174]_Bloomington_0_1	80133	1	5	na	na	flies	iPLA2-VIA[Delta174]_M	mutant	iPLA2-VIA[Delta174]_MBloomington1	N	N	iPLA2-VIA[Delta174]_M_5	iPLA2-VIA[Delta174]flies
G1-19	19	30ul	2	GACATAGT	ACGACGTG	FALSE	TRUE	G1	SA702	SC501	1.9	1.9	iPLA2-VIA[Delta174]	M	Bloomington	0	iPLA2-VIA[Delta174]_Bloomington_0_1	80133	1	5	na	na	flies	iPLA2-VIA[Delta174]_M	mutant	iPLA2-VIA[Delta174]_MBloomington1	N	N	iPLA2-VIA[Delta174]_M_5	iPLA2-VIA[Delta174]flies
G2-41	41	30ul	1.7	CGTAGCGA	AGAGTCAC	FALSE	TRUE	G2	SB712	SB503	4.1	4.1	iPLA2-VIA[Delta174]	M	Bloomington	0	iPLA2-VIA[Delta174]_Bloomington_0_2	80133	2	5	na	na	flies	iPLA2-VIA[Delta174]_M	mutant	iPLA2-VIA[Delta174]_MBloomington2	N	N	iPLA2-VIA[Delta174]_M_5	iPLA2-VIA[Delta174]flies
G3-43	43	30ul	1.8	ATAGCGCT	TAGTGTAG	FALSE	TRUE	G3	SC702	SC508	4.3	4.3	iPLA2-VIA[Delta174]	M	Bloomington	0	iPLA2-VIA[Delta174]_Bloomington_0_2	80133	2	5	na	na	flies	iPLA2-VIA[Delta174]_M	mutant	iPLA2-VIA[Delta174]_MBloomington2	N	N	iPLA2-VIA[Delta174]_M_5	iPLA2-VIA[Delta174]flies
G3-45	45	30ul	1.8	TCTAGACT	ATATACAC	FALSE	TRUE	G3	SC703	SC502	4.5	4.5	iPLA2-VIA[Delta174]	M	Bloomington	0	iPLA2-VIA[Delta174]_Bloomington_0_2	80133	2	5	na	na	flies	iPLA2-VIA[Delta174]_M	mutant	iPLA2-VIA[Delta174]_MBloomington2	N	N	iPLA2-VIA[Delta174]_M_5	iPLA2-VIA[Delta174]flies
G1-115	115	30ul	2	GACATAGT	TAGTGTAG	FALSE	TRUE	G1	SA702	SC508	1.15	1.15	iPLA2-VIA[Delta192]	M	Bloomington	0	iPLA2-VIA[Delta192]_Bloomington_0_1	80134	1	5	na	na	flies	iPLA2-VIA[Delta192]_M	mutant	iPLA2-VIA[Delta192]_MBloomington1	N	N	iPLA2-VIA[Delta192]_M_5	iPLA2-VIA[Delta192]flies
G1-161	161	30ul	2	CGAGCGAC	TGCGTACG	FALSE	TRUE	G1	SA708	SC507	1.61	1.61	iPLA2-VIA[Delta192]	M	Bloomington	0	iPLA2-VIA[Delta192]_Bloomington_0_1	80134	1	5	na	na	flies	iPLA2-VIA[Delta192]_M	mutant	iPLA2-VIA[Delta192]_MBloomington1	N	N	iPLA2-VIA[Delta192]_M_5	iPLA2-VIA[Delta192]flies
G2-411	411	30ul	1.7	CGTAGCGA	CGTTACTA	FALSE	TRUE	G2	SB712	SB502	4.11	4.11	iPLA2-VIA[Delta192]	M	Bloomington	0	iPLA2-VIA[Delta192]_Bloomington_0_2	80134	2	5	na	na	flies	iPLA2-VIA[Delta192]_M	mutant	iPLA2-VIA[Delta192]_MBloomington2	N	N	iPLA2-VIA[Delta192]_M_5	iPLA2-VIA[Delta192]flies
G3-47	47	30ul	1.8	TCTAGACT	CTAGAGCT	FALSE	TRUE	G3	SC703	SC504	4.7	4.7	iPLA2-VIA[Delta192]	M	Bloomington	0	iPLA2-VIA[Delta192]_Bloomington_0_2	80134	2	5	na	na	flies	iPLA2-VIA[Delta192]_M	mutant	iPLA2-VIA[Delta192]_MBloomington2	N	N	iPLA2-VIA[Delta192]_M_5	iPLA2-VIA[Delta192]flies
G3-49	49	30ul	1.8	TCTAGACT	GACACTGA	FALSE	TRUE	G3	SC703	SC506	4.9	4.9	iPLA2-VIA[Delta192]	M	Bloomington	0	iPLA2-VIA[Delta192]_Bloomington_0_2	80134	2	5	na	na	flies	iPLA2-VIA[Delta192]_M	mutant	iPLA2-VIA[Delta192]_MBloomington2	N	N	iPLA2-VIA[Delta192]_M_5	iPLA2-VIA[Delta192]flies
G1-113	113	30ul	2	GACATAGT	GACACTGA	FALSE	TRUE	G1	SA702	SC506	1.13	1.13	park13	M	Bloomington	0	park13_Bloomington_0_1	79210	1	5	na	na	flies	park13_M	mutant	park13_MBloomington1	N	N	park13_M_5	park13flies
G1-163	163	30ul	2	ACTACGAC	GCTCTAGT	FALSE	TRUE	G1	SA709	SC505	1.63	1.63	park13	M	Bloomington	0	park13_Bloomington_0_1	79210	1	5	na	na	flies	park13_M	mutant	park13_MBloomington1	N	N	park13_M_5	park13flies
G1-165	165	30ul	2	ACTACGAC	TGCGTACG	FALSE	TRUE	G1	SA709	SC507	1.65	1.65	park13	M	Bloomington	0	park13_Bloomington_0_1	79210	1	5	na	na	flies	park13_M	mutant	park13_MBloomington1	N	N	park13_M_5	park13flies
G2-311	311	30ul	1.7	GCGTATAC	AGAGTCAC	FALSE	TRUE	G2	SB709	SB503	3.11	3.11	park13	M	Bloomington	0	park13_Bloomington_0_2	79210	2	5	na	na	flies	park13_M	mutant	park13_MBloomington2	N	N	park13_M_5	park13flies
G2-37	37	30ul	1.7	ACGTGCGC	TCGACGAG	FALSE	TRUE	G2	SB707	SB506	3.7	3.7	park13	M	Bloomington	0	park13_Bloomington_0_2	79210	2	5	na	na	flies	park13_M	mutant	park13_MBloomington2	N	N	park13_M_5	park13flies
G2-39	39	30ul	1.7	ACGTGCGC	GTCAGATA	FALSE	TRUE	G2	SB707	SB508	3.9	3.9	park13	M	Bloomington	0	park13_Bloomington_0_2	79210	2	5	na	na	flies	park13_M	mutant	park13_MBloomington2	N	N	park13_M_5	park13flies
G1-123	123	30ul	2	ACGCTACT	TAGTGTAG	FALSE	TRUE	G1	SA703	SC508	1.23	1.23	pBac{WH}ntc[f07259)	M	Bloomington	0	pBac{WH}ntc[f07259)_Bloomington_0_1	19063	1	5	na	na	flies	pBac{WH}ntc[f07259)_M	mutant	pBac{WH}ntc[f07259)_MBloomington1	N	N	pBac{WH}ntc[f07259)_M_5	pBac{WH}ntc[f07259)flies
G3-61	61	30ul	1.8	TCCTCATG	CTAGAGCT	FALSE	TRUE	G3	SC704	SC504	6.1	6.1	pBac{WH}ntc[f07259)	M	Bloomington	0	pBac{WH}ntc[f07259)_Bloomington_0_2	19063	2	5	na	na	flies	pBac{WH}ntc[f07259)_M	mutant	pBac{WH}ntc[f07259)_MBloomington2	N	N	pBac{WH}ntc[f07259)_M_5	pBac{WH}ntc[f07259)flies
G3-63	63	30ul	1.8	TCCTCATG	GACACTGA	FALSE	TRUE	G3	SC704	SC506	6.3	6.3	pBac{WH}ntc[f07259)	M	Bloomington	0	pBac{WH}ntc[f07259)_Bloomington_0_2	19063	2	5	na	na	flies	pBac{WH}ntc[f07259)_M	mutant	pBac{WH}ntc[f07259)_MBloomington2	N	N	pBac{WH}ntc[f07259)_M_5	pBac{WH}ntc[f07259)flies
G3-65	65	30ul	1.8	TCCTCATG	TAGTGTAG	FALSE	TRUE	G3	SC704	SC508	6.5	6.5	pBac{WH}ntc[f07259)	M	Bloomington	0	pBac{WH}ntc[f07259)_Bloomington_0_2	19063	2	5	na	na	flies	pBac{WH}ntc[f07259)_M	mutant	pBac{WH}ntc[f07259)_MBloomington2	N	N	pBac{WH}ntc[f07259)_M_5	pBac{WH}ntc[f07259)flies
G1-111	111	30ul	2	GACATAGT	CTAGAGCT	FALSE	TRUE	G1	SA702	SC504	1.11	1.11	pink15	M	Bloomington	0	pink15_Bloomington_0_1	51649	1	5	na	na	flies	pink15_M	mutant	pink15_MBloomington1	N	N	pink15_M_5	pink15flies
G1-183	183	30ul	2	ACTACGAC	ACGACGTG	FALSE	TRUE	G1	SA709	SC501	1.83	1.83	pink15	M	Bloomington	0	pink15_Bloomington_0_1	51649	1	5	na	na	flies	pink15_M	mutant	pink15_MBloomington1	N	N	pink15_M_5	pink15flies
G1-185	185	30ul	2	ACTACGAC	CGTCGCTA	FALSE	TRUE	G1	SA709	SC503	1.85	1.85	pink15	M	Bloomington	0	pink15_Bloomington_0_1	51649	1	5	na	na	flies	pink15_M	mutant	pink15_MBloomington1	N	N	pink15_M_5	pink15flies
G2-225	225	30ul	1.7	ATAGTACC	AGAGTCAC	FALSE	TRUE	G2	SB708	SB503	2.25	2.25	pink15	M	Bloomington	0	pink15_Bloomington_0_2	51649	2	5	na	na	flies	pink15_M	mutant	pink15_MBloomington2	N	N	pink15_M_5	pink15flies
G2-227	227	30ul	1.7	ATAGTACC	ACGTCTCG	FALSE	TRUE	G2	SB708	SB505	2.27	2.27	pink15	M	Bloomington	0	pink15_Bloomington_0_2	51649	2	5	na	na	flies	pink15_M	mutant	pink15_MBloomington2	N	N	pink15_M_5	pink15flies
G2-229	229	30ul	1.7	ATAGTACC	GATCGTGT	FALSE	TRUE	G2	SB708	SB507	2.29	2.29	pink15	M	Bloomington	0	pink15_Bloomington_0_2	51649	2	5	na	na	flies	pink15_M	mutant	pink15_MBloomington2	N	N	pink15_M_5	pink15flies
G1-119	119	30ul	2	ACGCTACT	CTAGAGCT	FALSE	TRUE	G1	SA703	SC504	1.19	1.19	w11186326	M	Bloomington	0	w1118_Bloomington_0_1	6326	1	5	na	na	flies	w1118_M	control	w1118_MBloomington1	N	N	w11186326_M_5	w11186326flies
G1-153	153	30ul	2	TAGTCTCC	TGCGTACG	FALSE	TRUE	G1	SA707	SC507	1.53	1.53	w1118	M	Bloomington	0	w1118_Bloomington_0_1	5905	1	5	na	na	flies	w1118_M	control	w1118_MBloomington1	N	N	w1118_M_5	w1118flies
G1-155	155	30ul	2	CGAGCGAC	ACGACGTG	FALSE	TRUE	G1	SA708	SC501	1.55	1.55	w1118	M	Bloomington	0	w1118_Bloomington_0_1	5905	1	5	na	na	flies	w1118_M	control	w1118_MBloomington1	N	N	w1118_M_5	w1118flies
G1-17	17	30ul	2	CGAGAGTT	TGCGTACG	FALSE	TRUE	G1	SA701	SC507	1.7	1.7	w1118	M	Bloomington	0	w1118_Bloomington_0_1	5905	1	5	na	na	flies	w1118_M	control	w1118_MBloomington1	N	N	w1118_M_5	w1118flies
G1-171	171	30ul	2	GTCTGCTA	GCTCTAGT	FALSE	TRUE	G1	SA710	SC505	1.71	1.71	w11186326	M	Bloomington	0	w1118_Bloomington_0_1	6326	1	5	na	na	flies	w1118_M	control	w1118_MBloomington1	N	N	w11186326_M_5	w11186326flies
G1-173	173	30ul	2	GTCTGCTA	TGCGTACG	FALSE	TRUE	G1	SA710	SC507	1.73	1.73	w11186326	M	Bloomington	0	w1118_Bloomington_0_1	6326	1	5	na	na	flies	w1118_M	control	w1118_MBloomington1	N	N	w11186326_M_5	w11186326flies
G3-711	711	30ul	1.8	CGAGCTAG	CTAGAGCT	FALSE	TRUE	G3	SC705	SC504	7.11	7.11	w1118	M	Bloomington	0	w1118_Bloomington_0_2	5905	2	5	na	na	flies	w1118_M	control	w1118_MBloomington2	N	N	w1118_M_5	w1118flies
G3-713	713	30ul	1.8	CGAGCTAG	GACACTGA	FALSE	TRUE	G3	SC705	SC506	7.13	7.13	w11186326	M	Bloomington	0	w1118_Bloomington_0_2	6326	2	5	na	na	flies	w1118_M	control	w1118_MBloomington2	N	N	w11186326_M_5	w11186326flies
G3-715	715	30ul	1.8	CGAGCTAG	TAGTGTAG	FALSE	TRUE	G3	SC705	SC508	7.15	7.15	w11186326	M	Bloomington	0	w1118_Bloomington_0_2	6326	2	5	na	na	flies	w1118_M	control	w1118_MBloomington2	N	N	w11186326_M_5	w11186326flies
G3-717	717	30ul	1.8	CTCTAGAG	ATATACAC	FALSE	TRUE	G3	SC706	SC502	7.17	7.17	w11186326	M	Bloomington	0	w1118_Bloomington_0_2	6326	2	5	na	na	flies	w1118_M	control	w1118_MBloomington2	N	N	w11186326_M_5	w11186326flies
G3-77	77	30ul	1.8	CTCTAGAG	CTAGAGCT	FALSE	TRUE	G3	SC706	SC504	7.7	7.7	w1118	M	Bloomington	0	w1118_Bloomington_0_2	5905	2	5	na	na	flies	w1118_M	control	w1118_MBloomington2	N	N	w1118_M_5	w1118flies
G3-79	79	30ul	1.8	CTCTAGAG	GACACTGA	FALSE	TRUE	G3	SC706	SC506	7.9	7.9	w1118	M	Bloomington	0	w1118_Bloomington_0_2	5905	2	5	na	na	flies	w1118_M	control	w1118_MBloomington2	N	N	w1118_M_5	w1118flies
G1-117	117	30ul	2	ACGCTACT	ATATACAC	FALSE	TRUE	G1	SA703	SC502	1.17	1.17	"y[1] w[67c23] ""kermit"""	M	Bloomington	0	"y[1] w[67c23] ""kermit""_Bloomington_0_1"	6599	1	5	na	na	flies	"y[1] w[67c23] ""kermit""_M"	control	"y[1] w[67c23] ""kermit""_MBloomington1"	N	N	"y[1] w[67c23] ""kermit""_M_5"	"y[1] w[67c23] ""kermit""flies"
G3-81	81	30ul	1.8	CTCTAGAG	TGCGTACG	FALSE	TRUE	G3	SC706	SC507	8.1	8.1	"y[1] w[67c23] ""kermit"""	M	Bloomington	0	"y[1] w[67c23] ""kermit""_Bloomington_0_2"	6599	2	5	na	na	flies	"y[1] w[67c23] ""kermit""_M"	control	"y[1] w[67c23] ""kermit""_MBloomington2"	N	N	"y[1] w[67c23] ""kermit""_M_5"	"y[1] w[67c23] ""kermit""flies"
G3-83	83	30ul	1.8	ATGAGCTC	ACGACGTG	FALSE	TRUE	G3	SC707	SC501	8.3	8.3	"y[1] w[67c23] ""kermit"""	M	Bloomington	0	"y[1] w[67c23] ""kermit""_Bloomington_0_2"	6599	2	5	na	na	flies	"y[1] w[67c23] ""kermit""_M"	control	"y[1] w[67c23] ""kermit""_MBloomington2"	N	N	"y[1] w[67c23] ""kermit""_M_5"	"y[1] w[67c23] ""kermit""flies"
G3-85	85	30ul	1.8	ATGAGCTC	CGTCGCTA	FALSE	TRUE	G3	SC707	SC503	8.5	8.5	"y[1] w[67c23] ""kermit"""	M	Bloomington	0	"y[1] w[67c23] ""kermit""_Bloomington_0_2"	6599	2	5	na	na	flies	"y[1] w[67c23] ""kermit""_M"	control	"y[1] w[67c23] ""kermit""_MBloomington2"	N	N	"y[1] w[67c23] ""kermit""_M_5"	"y[1] w[67c23] ""kermit""flies"
G4-B1	B1	30ul	2	ATAGCGCT	GTCTAGTG	FALSE	TRUE	G4	SC702	SD505	B1	B1	park het	F	Call	na	park het_Call_na_43759	na	10/21/19	10	na	"Healthy vials, a little old, but not bad"	flies	park het_F	mutant	park het_FCall43759	N	Y	park het_F_10	park hetflies
G4-B10	B10	30ul	2	TCTAGACT	GATAGCGT	FALSE	TRUE	G4	SC703	SD507	B10	B10	park het	F	Call	na	park het_Call_na_43763	na	10/25/19	10	na	"Healthy vials, a little old, but not bad"	flies	park het_F	mutant	park het_FCall43763	N	Y	park het_F_10	park hetflies
G4-B11	B11	30ul	2	TCTAGACT	TCTACACT	FALSE	TRUE	G4	SC703	SD508	B11	B11	park het	F	Call	na	park het_Call_na_43763	na	10/25/19	10	na	"Healthy vials, a little old, but not bad"	flies	park het_F	mutant	park het_FCall43763	N	Y	park het_F_10	park hetflies
G4-B2	B2	30ul	2	ATAGCGCT	CTAGTATG	FALSE	TRUE	G4	SC702	SD506	B2	B2	park het	F	Call	na	park het_Call_na_43759	na	10/21/19	10	na	"Healthy vials, a little old, but not bad"	flies	park het_F	mutant	park het_FCall43759	N	Y	park het_F_10	park hetflies
G4-B3	B3	30ul	2	ATAGCGCT	GATAGCGT	FALSE	TRUE	G4	SC702	SD507	B3	B3	park het	F	Call	na	park het_Call_na_43759	na	10/21/19	10	na	"Healthy vials, a little old, but not bad"	flies	park het_F	mutant	park het_FCall43759	N	Y	park het_F_10	park hetflies
G4-B4	B4	30ul	2	ATAGCGCT	TCTACACT	FALSE	TRUE	G4	SC702	SD508	B4	B4	park het	F	Call	na	park het_Call_na_43759	na	10/21/19	10	na	"Healthy vials, a little old, but not bad"	flies	park het_F	mutant	park het_FCall43759	N	Y	park het_F_10	park hetflies
G4-B5	B5	30ul	2	TCTAGACT	AAGCAGCA	FALSE	TRUE	G4	SC703	SD501	B5	B5	park het	F	Call	na	park het_Call_na_43759	na	10/21/19	10	na	"Healthy vials, a little old, but not bad"	flies	park het_F	mutant	park het_FCall43759	N	Y	park het_F_10	park hetflies
G4-B6	B6	30ul	2	TCTAGACT	ACGCGTGA	FALSE	TRUE	G4	SC703	SD502	B6	B6	park het	F	Call	na	park het_Call_na_43759	na	10/21/19	10	na	"Healthy vials, a little old, but not bad"	flies	park het_F	mutant	park het_FCall43759	N	Y	park het_F_10	park hetflies
G4-B7	B7	30ul	2	TCTAGACT	CGATCTAC	FALSE	TRUE	G4	SC703	SD503	B7	B7	park het	F	Call	na	park het_Call_na_43759	na	10/21/19	10	na	"Healthy vials, a little old, but not bad"	flies	park het_F	mutant	park het_FCall43759	N	Y	park het_F_10	park hetflies
G4-B8	B8	30ul	2	TCTAGACT	TGCGTCAC	FALSE	TRUE	G4	SC703	SD504	B8	B8	park het	F	Call	na	park het_Call_na_43735	na	9/27/19	10	na	"Old, black food"	flies	park het_F	mutant	park het_FCall43735	N	Y	park het_F_10	park hetflies
G4-B9	B9	30ul	2	TCTAGACT	GTCTAGTG	FALSE	TRUE	G4	SC703	SD505	B9	B9	park het	F	Call	na	park het_Call_na_43763	na	10/25/19	10	na	"Healthy vials, a little old, but not bad"	flies	park het_F	mutant	park het_FCall43763	N	Y	park het_F_10	park hetflies
G4-F1	F1	30ul	2	ATGAGCTC	TGCGTCAC	FALSE	TRUE	G4	SC707	SD504	F1	F1	park het	F	Call	na	park het_Call_na_43759	na	10/21/19	1	na	"Healthy vials, a little old, but not bad"	flies	park het_F	mutant	park het_FCall43759	N	Y	park het_F_1	park hetflies
G4-F2	F2	30ul	2	ATGAGCTC	GTCTAGTG	FALSE	TRUE	G4	SC707	SD505	F2	F2	park het	F	Call	na	park het_Call_na_43759	na	10/21/19	1	na	"Healthy vials, a little old, but not bad"	flies	park het_F	mutant	park het_FCall43759	N	Y	park het_F_1	park hetflies
G4-F3	F3	30ul	2	ATGAGCTC	CTAGTATG	FALSE	TRUE	G4	SC707	SD506	F3	F3	park het	F	Call	na	park het_Call_na_43759	na	10/21/19	1	na	"Healthy vials, a little old, but not bad"	flies	park het_F	mutant	park het_FCall43759	N	Y	park het_F_1	park hetflies
G4-F4	F4	30ul	2	ATGAGCTC	GATAGCGT	FALSE	TRUE	G4	SC707	SD507	F4	F4	park het	F	Call	na	park het_Call_na_43735	na	9/27/19	1	na	"Old, black food"	flies	park het_F	mutant	park het_FCall43735	N	Y	park het_F_1	park hetflies
G4-F5	F5	30ul	2	ATGAGCTC	TCTACACT	FALSE	TRUE	G4	SC707	SD508	F5	F5	park het	F	Call	na	park het_Call_na_43735	na	9/27/19	1	na	"Old, black food"	flies	park het_F	mutant	park het_FCall43735	N	Y	park het_F_1	park hetflies
G4-F6	F6	30ul	2	AGCATACC	AAGCAGCA	FALSE	TRUE	G4	SC708	SD501	F6	F6	park het	F	Call	na	park het_Call_na_43763	na	10/25/19	1	na	"Healthy vials, a little old, but not bad"	flies	park het_F	mutant	park het_FCall43763	N	Y	park het_F_1	park hetflies
G4-F7	F7	30ul	2	AGCATACC	ACGCGTGA	FALSE	TRUE	G4	SC708	SD502	F7	F7	park het	F	Call	na	park het_Call_na_43763	na	10/25/19	1	na	"Healthy vials, a little old, but not bad"	flies	park het_F	mutant	park het_FCall43763	N	Y	park het_F_1	park hetflies
G4-A1	A1	30ul	2	CAGTAGGT	AAGCAGCA	FALSE	TRUE	G4	SC701	SD501	A1	A1	park homo	F	Call	na	park homo_Call_na_43759	na	10/21/19	10	na	"Healthy vials, a little old, but not bad"	flies	park homo_F	mutant	park homo_FCall43759	N	Y	park homo_F_10	park homoflies
G4-A10	A10	30ul	2	ATAGCGCT	ACGCGTGA	FALSE	TRUE	G4	SC702	SD502	A10	A10	park homo	F	Call	na	park homo_Call_na_43763	na	10/25/19	10	na	"Healthy vials, a little old, but not bad"	flies	park homo_F	mutant	park homo_FCall43763	N	Y	park homo_F_10	park homoflies
G4-A11	A11	30ul	2	ATAGCGCT	CGATCTAC	FALSE	TRUE	G4	SC702	SD503	A11	A11	park homo	F	Call	na	park homo_Call_na_43763	na	10/25/19	10	na	"Healthy vials, a little old, but not bad"	flies	park homo_F	mutant	park homo_FCall43763	N	Y	park homo_F_10	park homoflies
G4-A2	A2	30ul	2	CAGTAGGT	ACGCGTGA	FALSE	TRUE	G4	SC701	SD502	A2	A2	park homo	F	Call	na	park homo_Call_na_43759	na	10/21/19	10	na	"Healthy vials, a little old, but not bad"	flies	park homo_F	mutant	park homo_FCall43759	N	Y	park homo_F_10	park homoflies
G4-A3	A3	30ul	2	CAGTAGGT	CGATCTAC	FALSE	TRUE	G4	SC701	SD503	A3	A3	park homo	F	Call	na	park homo_Call_na_43759	na	10/21/19	10	na	"Healthy vials, a little old, but not bad"	flies	park homo_F	mutant	park homo_FCall43759	N	Y	park homo_F_10	park homoflies
G4-A4	A4	30ul	2	CAGTAGGT	TGCGTCAC	FALSE	TRUE	G4	SC701	SD504	A4	A4	park homo	F	Call	na	park homo_Call_na_43759	na	10/21/19	10	na	"Healthy vials, a little old, but not bad"	flies	park homo_F	mutant	park homo_FCall43759	N	Y	park homo_F_10	park homoflies
G4-A5	A5	30ul	2	CAGTAGGT	GTCTAGTG	FALSE	TRUE	G4	SC701	SD505	A5	A5	park homo	F	Call	na	park homo_Call_na_43759	na	10/21/19	10	na	"Healthy vials, a little old, but not bad"	flies	park homo_F	mutant	park homo_FCall43759	N	Y	park homo_F_10	park homoflies
G4-A6	A6	30ul	2	CAGTAGGT	CTAGTATG	FALSE	TRUE	G4	SC701	SD506	A6	A6	park homo	F	Call	na	park homo_Call_na_43759	na	10/21/19	10	na	"Healthy vials, a little old, but not bad"	flies	park homo_F	mutant	park homo_FCall43759	N	Y	park homo_F_10	park homoflies
G4-A7	A7	30ul	2	CAGTAGGT	GATAGCGT	FALSE	TRUE	G4	SC701	SD507	A7	A7	park homo	F	Call	na	park homo_Call_na_43759	na	10/21/19	10	na	"Healthy vials, a little old, but not bad"	flies	park homo_F	mutant	park homo_FCall43759	N	Y	park homo_F_10	park homoflies
G4-A8	A8	30ul	2	CAGTAGGT	TCTACACT	FALSE	TRUE	G4	SC701	SD508	A8	A8	park homo	F	Call	na	park homo_Call_na_43735	na	9/27/19	10	na	"Old, black food"	flies	park homo_F	mutant	park homo_FCall43735	N	Y	park homo_F_10	park homoflies
G4-A9	A9	30ul	2	ATAGCGCT	TGCGTCAC	FALSE	TRUE	G4	SC702	SD504	A9	A9	park homo	F	Call	na	park homo_Call_na_43763	na	10/25/19	10	na	"Healthy vials, a little old, but not bad"	flies	park homo_F	mutant	park homo_FCall43763	N	Y	park homo_F_10	park homoflies
G4-E1	E1	30ul	2	CTCTAGAG	GTCTAGTG	FALSE	TRUE	G4	SC706	SD505	E1	E1	park homo	F	Call	na	park homo_Call_na_43759	na	10/21/19	1	na	"Healthy vials, a little old, but not bad"	flies	park homo_F	mutant	park homo_FCall43759	N	Y	park homo_F_1	park homoflies
G4-E2	E2	30ul	2	CTCTAGAG	CTAGTATG	FALSE	TRUE	G4	SC706	SD506	E2	E2	park homo	F	Call	na	park homo_Call_na_43759	na	10/21/19	1	na	"Healthy vials, a little old, but not bad"	flies	park homo_F	mutant	park homo_FCall43759	N	Y	park homo_F_1	park homoflies
G4-E3	E3	30ul	2	CTCTAGAG	GATAGCGT	FALSE	TRUE	G4	SC706	SD507	E3	E3	park homo	F	Call	na	park homo_Call_na_43759	na	10/21/19	1	na	"Healthy vials, a little old, but not bad"	flies	park homo_F	mutant	park homo_FCall43759	N	Y	park homo_F_1	park homoflies
G4-E4	E4	30ul	2	CTCTAGAG	TCTACACT	FALSE	TRUE	G4	SC706	SD508	E4	E4	park homo	F	Call	na	park homo_Call_na_43735	na	9/27/19	1	na	"Old, black food"	flies	park homo_F	mutant	park homo_FCall43735	N	Y	park homo_F_1	park homoflies
G4-E5	E5	30ul	2	ATGAGCTC	AAGCAGCA	FALSE	TRUE	G4	SC707	SD501	E5	E5	park homo	F	Call	na	park homo_Call_na_43735	na	9/27/19	1	na	"Old, black food"	flies	park homo_F	mutant	park homo_FCall43735	N	Y	park homo_F_1	park homoflies
G4-E6	E6	30ul	2	ATGAGCTC	ACGCGTGA	FALSE	TRUE	G4	SC707	SD502	E6	E6	park homo	F	Call	na	park homo_Call_na_43763	na	10/25/19	1	na	"Healthy vials, a little old, but not bad"	flies	park homo_F	mutant	park homo_FCall43763	N	Y	park homo_F_1	park homoflies
G4-E7	E7	30ul	2	ATGAGCTC	CGATCTAC	FALSE	TRUE	G4	SC707	SD503	E7	E7	park homo	F	Call	na	park homo_Call_na_43763	na	10/25/19	1	na	"Healthy vials, a little old, but not bad"	flies	park homo_F	mutant	park homo_FCall43763	N	Y	park homo_F_1	park homoflies
G1-128	128	30ul	2	ACTCACTG	GCTCTAGT	FALSE	TRUE	G1	SA704	SC505	1.28	1.28	park25	F	Call	0	park25_Call_0_1	0	1	5	na	na	flies	park25_F	mutant	park25_FCall1	N	N	park25_F_5	park25flies
G1-150	150	30ul	2	TAGTCTCC	CTAGAGCT	FALSE	TRUE	G1	SA707	SC504	1.50.	1.5	park25	F	Call	0	park25_Call_0_1	0	1	5	na	na	flies	park25_F	mutant	park25_FCall1	N	N	park25_F_5	park25flies
G1-152	152	30ul	2	TAGTCTCC	GACACTGA	FALSE	TRUE	G1	SA707	SC506	1.52	1.52	park25	F	Call	0	park25_Call_0_1	0	1	5	na	na	flies	park25_F	mutant	park25_FCall1	N	N	park25_F_5	park25flies
G2-32	32	30ul	1.7	GTAACGAG	CTACTATA	FALSE	TRUE	G2	SB706	SB501	3.2	3.2	park25	F	Call	0	park25_Call_0_2	0	2	5	na	na	flies	park25_F	mutant	park25_FCall2	Y	N	park25_F_5	park25flies
G2-34	34	30ul	1.7	GTAACGAG	AGAGTCAC	FALSE	TRUE	G2	SB706	SB503	3.4	3.4	park25	F	Call	0	park25_Call_0_2	0	2	5	na	na	flies	park25_F	mutant	park25_FCall2	Y	N	park25_F_5	park25flies
G2-36	36	30ul	1.7	GTAACGAG	ACGTCTCG	FALSE	TRUE	G2	SB706	SB505	3.6	3.6	park25	F	Call	0	park25_Call_0_2	0	2	5	na	na	flies	park25_F	mutant	park25_FCall2	Y	N	park25_F_5	park25flies
G1-126	126	30ul	2	ACTCACTG	CGTCGCTA	FALSE	TRUE	G1	SA704	SC503	1.26	1.26	w1118	F	Call	0	w1118_Call_0_1	0	1	5	na	na	flies	w1118_F	control	w1118_FCall1	N	N	w1118_F_5	w1118flies
G1-146	146	30ul	2	CTGCGTAG	TAGTGTAG	FALSE	TRUE	G1	SA706	SC508	1.46	1.46	w1118	F	Call	0	w1118_Call_0_1	0	1	5	na	na	flies	w1118_F	control	w1118_FCall1	N	N	w1118_F_5	w1118flies
G1-148	148	30ul	2	TAGTCTCC	ATATACAC	FALSE	TRUE	G1	SA707	SC502	1.48	1.48	w1118	F	Call	0	w1118_Call_0_1	0	1	5	na	na	flies	w1118_F	control	w1118_FCall1	N	N	w1118_F_5	w1118flies
G2-72	72	30ul	1.7	GTAACGAG	GATCGTGT	FALSE	TRUE	G2	SB706	SB507	7.2	7.2	w1118	F	Call	0	w1118_Call_0_2	0	2	5	na	na	flies	w1118_F	control	w1118_FCall2	Y	N	w1118_F_5	w1118flies
G2-74	74	30ul	1.7	ACGTGCGC	CTACTATA	FALSE	TRUE	G2	SB707	SB501	7.4	7.4	w1118	F	Call	0	w1118_Call_0_2	0	2	5	na	na	flies	w1118_F	control	w1118_FCall2	Y	N	w1118_F_5	w1118flies
G2-76	76	30ul	1.7	ACGTGCGC	AGAGTCAC	FALSE	TRUE	G2	SB707	SB503	7.6	7.6	w1118	F	Call	0	w1118_Call_0_2	0	2	5	na	na	flies	w1118_F	control	w1118_FCall2	Y	N	w1118_F_5	w1118flies
G4-K1	K1	30ul	2	TCAGTCTA	CTAGTATG	FALSE	TRUE	G4	SC710	SD506	K1	K1	w1118	F	Call	na	w1118_Call_na_43759	na	10/21/19	10	na	none	flies	w1118_F	control	w1118_FCall43759	N	Y	w1118_F_10	w1118flies
G4-K2	K2	30ul	2	TCAGTCTA	GATAGCGT	FALSE	TRUE	G4	SC710	SD507	K2	K2	w1118	F	Call	na	w1118_Call_na_43759	na	10/21/19	10	na	none	flies	w1118_F	control	w1118_FCall43759	N	Y	w1118_F_10	w1118flies
G4-K3	K3	30ul	2	TCAGTCTA	TCTACACT	FALSE	TRUE	G4	SC710	SD508	K3	K3	w1118	F	Call	na	w1118_Call_na_43759	na	10/21/19	10	na	none	flies	w1118_F	control	w1118_FCall43759	N	Y	w1118_F_10	w1118flies
G4-K4	K4	30ul	2	CATCGTGA	AAGCAGCA	FALSE	TRUE	G4	SC711	SD501	K4	K4	w1118	F	Call	na	w1118_Call_na_43759	na	10/21/19	10	na	none	flies	w1118_F	control	w1118_FCall43759	N	Y	w1118_F_10	w1118flies
G4-K5	K5	30ul	2	CATCGTGA	ACGCGTGA	FALSE	TRUE	G4	SC711	SD502	K5	K5	w1118	F	Call	na	w1118_Call_na_43759	na	10/21/19	10	na	none	flies	w1118_F	control	w1118_FCall43759	N	Y	w1118_F_10	w1118flies
G4-M1	M1	30ul	2	CATCGTGA	TCTACACT	FALSE	TRUE	G4	SC711	SD508	M1	M1	w1118	F	Call	na	w1118_Call_na_43763	na	10/25/19	10	na	none	flies	w1118_F	control	w1118_FCall43763	N	Y	w1118_F_10	w1118flies
G4-M2	M2	30ul	2	GAGCTCGA	AAGCAGCA	FALSE	TRUE	G4	SC712	SD501	M2	M2	w1118	F	Call	na	w1118_Call_na_43763	na	10/25/19	10	na	none	flies	w1118_F	control	w1118_FCall43763	N	Y	w1118_F_10	w1118flies
G4-M3	M3	30ul	2	GAGCTCGA	ACGCGTGA	FALSE	TRUE	G4	SC712	SD502	M3	M3	w1118	F	Call	na	w1118_Call_na_43763	na	10/25/19	10	na	none	flies	w1118_F	control	w1118_FCall43763	N	Y	w1118_F_10	w1118flies
G4-M4	M4	30ul	2	GAGCTCGA	CGATCTAC	FALSE	TRUE	G4	SC712	SD503	M4	M4	w1118	F	Call	na	w1118_Call_na_43763	na	10/25/19	10	na	none	flies	w1118_F	control	w1118_FCall43763	N	Y	w1118_F_10	w1118flies
G4-M5	M5	30ul	2	GAGCTCGA	TGCGTCAC	FALSE	TRUE	G4	SC712	SD504	M5	M5	w1118	F	Call	na	w1118_Call_na_43763	na	10/25/19	10	na	none	flies	w1118_F	control	w1118_FCall43763	N	Y	w1118_F_10	w1118flies
G4-O1	O1	30ul	2	TCAGTCTA	AAGCAGCA	FALSE	TRUE	G4	SC710	SD501	O1	O1	w1118	F	Call	na	w1118_Call_na_43759	na	10/21/19	1	na	none	flies	w1118_F	control	w1118_FCall43759	N	Y	w1118_F_1	w1118flies
G4-O2	O2	30ul	2	GAGCTCGA	TCTACACT	FALSE	TRUE	G4	SC712	SD508	O2	O2	w1118	F	Call	na	w1118_Call_na_43759	na	10/21/19	1	na	none	flies	w1118_F	control	w1118_FCall43759	N	Y	w1118_F_1	w1118flies
G4-D1	D1	30ul	2	CGAGCTAG	CGATCTAC	FALSE	TRUE	G4	SC705	SD503	D1	D1	park het	M	Call	na	park het_Call_na_43759	na	10/21/19	10	na	"Healthy vials, a little old, but not bad"	flies	park het_M	mutant	park het_MCall43759	N	Y	park het_M_10	park hetflies
G4-D10	D10	30ul	2	CTCTAGAG	TGCGTCAC	FALSE	TRUE	G4	SC706	SD504	D10	D10	park het	M	Call	na	park het_Call_na_43763	na	10/25/19	10	na	"Healthy vials, a little old, but not bad"	flies	park het_M	mutant	park het_MCall43763	N	Y	park het_M_10	park hetflies
G4-D2	D2	30ul	2	CGAGCTAG	TGCGTCAC	FALSE	TRUE	G4	SC705	SD504	D2	D2	park het	M	Call	na	park het_Call_na_43759	na	10/21/19	10	na	"Healthy vials, a little old, but not bad"	flies	park het_M	mutant	park het_MCall43759	N	Y	park het_M_10	park hetflies
G4-D3	D3	30ul	2	CGAGCTAG	GTCTAGTG	FALSE	TRUE	G4	SC705	SD505	D3	D3	park het	M	Call	na	park het_Call_na_43759	na	10/21/19	10	na	"Healthy vials, a little old, but not bad"	flies	park het_M	mutant	park het_MCall43759	N	Y	park het_M_10	park hetflies
G4-D4	D4	30ul	2	CGAGCTAG	CTAGTATG	FALSE	TRUE	G4	SC705	SD506	D4	D4	park het	M	Call	na	park het_Call_na_43759	na	10/21/19	10	na	"Healthy vials, a little old, but not bad"	flies	park het_M	mutant	park het_MCall43759	N	Y	park het_M_10	park hetflies
G4-D5	D5	30ul	2	CGAGCTAG	GATAGCGT	FALSE	TRUE	G4	SC705	SD507	D5	D5	park het	M	Call	na	park het_Call_na_43759	na	10/21/19	10	na	"Healthy vials, a little old, but not bad"	flies	park het_M	mutant	park het_MCall43759	N	Y	park het_M_10	park hetflies
G4-D6	D6	30ul	2	CGAGCTAG	TCTACACT	FALSE	TRUE	G4	SC705	SD508	D6	D6	park het	M	Call	na	park het_Call_na_43759	na	10/21/19	10	na	"Healthy vials, a little old, but not bad"	flies	park het_M	mutant	park het_MCall43759	N	Y	park het_M_10	park hetflies
G4-D7	D7	30ul	2	CTCTAGAG	AAGCAGCA	FALSE	TRUE	G4	SC706	SD501	D7	D7	park het	M	Call	na	park het_Call_na_43759	na	10/21/19	10	na	mixed from fecal donors	flies	park het_M	mutant	park het_MCall43759	N	Y	park het_M_10	park hetflies
G4-D8	D8	30ul	2	CTCTAGAG	ACGCGTGA	FALSE	TRUE	G4	SC706	SD502	D8	D8	park het	M	Call	na	park het_Call_na_43759	na	10/21/19	10	na	mixed from fecal donors	flies	park het_M	mutant	park het_MCall43759	N	Y	park het_M_10	park hetflies
G4-D9	D9	30ul	2	CTCTAGAG	CGATCTAC	FALSE	TRUE	G4	SC706	SD503	D9	D9	park het	M	Call	na	park het_Call_na_43763	na	10/25/19	10	na	"Healthy vials, a little old, but not bad"	flies	park het_M	mutant	park het_MCall43763	N	Y	park het_M_10	park hetflies
G4-H1	H1	30ul	2	CGTCATAC	CGATCTAC	FALSE	TRUE	G4	SC709	SD503	H1	H1	park het	M	Call	na	park het_Call_na_43759	na	10/21/19	1	na	"Healthy vials, a little old, but not bad"	flies	park het_M	mutant	park het_MCall43759	N	Y	park het_M_1	park hetflies
G4-H2	H2	30ul	2	CGTCATAC	TGCGTCAC	FALSE	TRUE	G4	SC709	SD504	H2	H2	park het	M	Call	na	park het_Call_na_43759	na	10/21/19	1	na	"Healthy vials, a little old, but not bad"	flies	park het_M	mutant	park het_MCall43759	N	Y	park het_M_1	park hetflies
G4-H3	H3	30ul	2	CGTCATAC	GTCTAGTG	FALSE	TRUE	G4	SC709	SD505	H3	H3	park het	M	Call	na	park het_Call_na_43759	na	10/21/19	1	na	"Healthy vials, a little old, but not bad"	flies	park het_M	mutant	park het_MCall43759	N	Y	park het_M_1	park hetflies
G4-H6	H6	30ul	2	CGTCATAC	CTAGTATG	FALSE	TRUE	G4	SC709	SD506	H6	H6	park het	M	Call	na	park het_Call_na_43763	na	10/25/19	1	na	"Healthy vials, a little old, but not bad"	flies	park het_M	mutant	park het_MCall43763	N	Y	park het_M_1	park hetflies
G4-H7	H7	30ul	2	CGTCATAC	GATAGCGT	FALSE	TRUE	G4	SC709	SD507	H7	H7	park het	M	Call	na	park het_Call_na_43763	na	10/25/19	1	na	"Healthy vials, a little old, but not bad"	flies	park het_M	mutant	park het_MCall43763	N	Y	park het_M_1	park hetflies
G4-C1	C1	30ul	2	TCCTCATG	AAGCAGCA	FALSE	TRUE	G4	SC704	SD501	C1	C1	park homo	M	Call	na	park homo_Call_na_43759	na	10/21/19	10	na	"Healthy vials, a little old, but not bad"	flies	park homo_M	mutant	park homo_MCall43759	N	Y	park homo_M_10	park homoflies
G4-C10	C10	30ul	2	CGAGCTAG	ACGCGTGA	FALSE	TRUE	G4	SC705	SD502	C10	C10	park homo	M	Call	na	park homo_Call_na_43763	na	10/25/19	10	na	"Healthy vials, a little old, but not bad"	flies	park homo_M	mutant	park homo_MCall43763	N	Y	park homo_M_10	park homoflies
G4-C2	C2	30ul	2	TCCTCATG	ACGCGTGA	FALSE	TRUE	G4	SC704	SD502	C2	C2	park homo	M	Call	na	park homo_Call_na_43759	na	10/21/19	10	na	"Healthy vials, a little old, but not bad"	flies	park homo_M	mutant	park homo_MCall43759	N	Y	park homo_M_10	park homoflies
G4-C3	C3	30ul	2	TCCTCATG	CGATCTAC	FALSE	TRUE	G4	SC704	SD503	C3	C3	park homo	M	Call	na	park homo_Call_na_43759	na	10/21/19	10	na	"Healthy vials, a little old, but not bad"	flies	park homo_M	mutant	park homo_MCall43759	N	Y	park homo_M_10	park homoflies
G4-C4	C4	30ul	2	TCCTCATG	TGCGTCAC	FALSE	TRUE	G4	SC704	SD504	C4	C4	park homo	M	Call	na	park homo_Call_na_43759	na	10/21/19	10	na	"Healthy vials, a little old, but not bad"	flies	park homo_M	mutant	park homo_MCall43759	N	Y	park homo_M_10	park homoflies
G4-C5	C5	30ul	2	TCCTCATG	GTCTAGTG	FALSE	TRUE	G4	SC704	SD505	C5	C5	park homo	M	Call	na	park homo_Call_na_43759	na	10/21/19	10	na	"Healthy vials, a little old, but not bad"	flies	park homo_M	mutant	park homo_MCall43759	N	Y	park homo_M_10	park homoflies
G4-C6	C6	30ul	2	TCCTCATG	CTAGTATG	FALSE	TRUE	G4	SC704	SD506	C6	C6	park homo	M	Call	na	park homo_Call_na_43759	na	10/21/19	10	na	"Healthy vials, a little old, but not bad"	flies	park homo_M	mutant	park homo_MCall43759	N	Y	park homo_M_10	park homoflies
G4-C7	C7	30ul	2	TCCTCATG	GATAGCGT	FALSE	TRUE	G4	SC704	SD507	C7	C7	park homo	M	Call	na	park homo_Call_na_43759	na	10/21/19	10	na	mixed from fecal donors	flies	park homo_M	mutant	park homo_MCall43759	N	Y	park homo_M_10	park homoflies
G4-C8	C8	30ul	2	TCCTCATG	TCTACACT	FALSE	TRUE	G4	SC704	SD508	C8	C8	park homo	M	Call	na	park homo_Call_na_43759	na	10/21/19	10	na	mixed from fecal donors	flies	park homo_M	mutant	park homo_MCall43759	N	Y	park homo_M_10	park homoflies
G4-C9	C9	30ul	2	CGAGCTAG	AAGCAGCA	FALSE	TRUE	G4	SC705	SD501	C9	C9	park homo	M	Call	na	park homo_Call_na_43763	na	10/25/19	10	na	"Healthy vials, a little old, but not bad"	flies	park homo_M	mutant	park homo_MCall43763	N	Y	park homo_M_10	park homoflies
G4-G1	G1	30ul	2	AGCATACC	CGATCTAC	FALSE	TRUE	G4	SC708	SD503	G1	G1	park homo	M	Call	na	park homo_Call_na_43759	na	10/21/19	1	na	"Healthy vials, a little old, but not bad"	flies	park homo_M	mutant	park homo_MCall43759	N	Y	park homo_M_1	park homoflies
G4-G2	G2	30ul	2	AGCATACC	TGCGTCAC	FALSE	TRUE	G4	SC708	SD504	G2	G2	park homo	M	Call	na	park homo_Call_na_43759	na	10/21/19	1	na	"Healthy vials, a little old, but not bad"	flies	park homo_M	mutant	park homo_MCall43759	N	Y	park homo_M_1	park homoflies
G4-G3	G3	30ul	2	AGCATACC	CTAGTATG	FALSE	TRUE	G4	SC708	SD506	G3	G3	park homo	M	Call	na	park homo_Call_na_43759	na	10/21/19	1	na	"Healthy vials, a little old, but not bad"	flies	park homo_M	mutant	park homo_MCall43759	N	Y	park homo_M_1	park homoflies
G4-G4	G4	30ul	2	AGCATACC	GATAGCGT	FALSE	TRUE	G4	SC708	SD507	G4	G4	park homo	M	Call	na	park homo_Call_na_43759	na	10/21/19	1	na	mixed from fecal donors	flies	park homo_M	mutant	park homo_MCall43759	N	Y	park homo_M_1	park homoflies
G4-G5	G5	30ul	2	AGCATACC	TCTACACT	FALSE	TRUE	G4	SC708	SD508	G5	G5	park homo	M	Call	na	park homo_Call_na_43759	na	10/21/19	1	na	mixed from fecal donors	flies	park homo_M	mutant	park homo_MCall43759	N	Y	park homo_M_1	park homoflies
G4-G6	G6	30ul	2	CGTCATAC	AAGCAGCA	FALSE	TRUE	G4	SC709	SD501	G6	G6	park homo	M	Call	na	park homo_Call_na_43763	na	10/25/19	1	na	"Healthy vials, a little old, but not bad"	flies	park homo_M	mutant	park homo_MCall43763	N	Y	park homo_M_1	park homoflies
G4-G7	G7	30ul	2	CGTCATAC	ACGCGTGA	FALSE	TRUE	G4	SC709	SD502	G7	G7	park homo	M	Call	na	park homo_Call_na_43763	na	10/25/19	1	na	"Healthy vials, a little old, but not bad"	flies	park homo_M	mutant	park homo_MCall43763	N	Y	park homo_M_1	park homoflies
G1-127	127	30ul	2	ACTCACTG	CTAGAGCT	FALSE	TRUE	G1	SA704	SC504	1.27	1.27	park25	M	Call	0	park25_Call_0_1	0	1	5	na	na	flies	park25_M	mutant	park25_MCall1	N	N	park25_M_5	park25flies
G1-149	149	30ul	2	TAGTCTCC	CGTCGCTA	FALSE	TRUE	G1	SA707	SC503	1.49	1.49	park25	M	Call	0	park25_Call_0_1	0	1	5	na	na	flies	park25_M	mutant	park25_MCall1	N	N	park25_M_5	park25flies
G1-151	151	30ul	2	TAGTCTCC	GCTCTAGT	FALSE	TRUE	G1	SA707	SC505	1.51	1.51	park25	M	Call	0	park25_Call_0_1	0	1	5	na	na	flies	park25_M	mutant	park25_MCall1	N	N	park25_M_5	park25flies
G2-31	31	30ul	1.7	GATCTACG	GTCAGATA	FALSE	TRUE	G2	SB705	SB508	3.1	3.1	park25	M	Call	0	park25_Call_0_2	0	2	5	na	na	flies	park25_M	mutant	park25_MCall2	Y	N	park25_M_5	park25flies
G2-33	33	30ul	1.7	GTAACGAG	CGTTACTA	FALSE	TRUE	G2	SB706	SB502	3.3	3.3	park25	M	Call	0	park25_Call_0_2	0	2	5	na	na	flies	park25_M	mutant	park25_MCall2	Y	N	park25_M_5	park25flies
G2-35	35	30ul	1.7	GTAACGAG	TACGAGAC	FALSE	TRUE	G2	SB706	SB504	3.5	3.5	park25	M	Call	0	park25_Call_0_2	0	2	5	na	na	flies	park25_M	mutant	park25_MCall2	Y	N	park25_M_5	park25flies
G1-125	125	30ul	2	ACTCACTG	ATATACAC	FALSE	TRUE	G1	SA704	SC502	1.25	1.25	w1118	M	Call	0	w1118_Call_0_1	0	1	5	na	na	flies	w1118_M	control	w1118_MCall1	N	N	w1118_M_5	w1118flies
G1-145	145	30ul	2	CTGCGTAG	TGCGTACG	FALSE	TRUE	G1	SA706	SC507	1.45	1.45	w1118	M	Call	0	w1118_Call_0_1	0	1	5	na	na	flies	w1118_M	control	w1118_MCall1	N	N	w1118_M_5	w1118flies
G1-147	147	30ul	2	TAGTCTCC	ACGACGTG	FALSE	TRUE	G1	SA707	SC501	1.47	1.47	w1118	M	Call	0	w1118_Call_0_1	0	1	5	na	na	flies	w1118_M	control	w1118_MCall1	N	N	w1118_M_5	w1118flies
G2-71	71	30ul	1.7	GTAACGAG	TCGACGAG	FALSE	TRUE	G2	SB706	SB506	7.1	7.1	w1118	M	Call	0	w1118_Call_0_2	0	2	5	na	na	flies	w1118_M	control	w1118_MCall2	Y	N	w1118_M_5	w1118flies
G2-73	73	30ul	1.7	GTAACGAG	GTCAGATA	FALSE	TRUE	G2	SB706	SB508	7.3	7.3	w1118	M	Call	0	w1118_Call_0_2	0	2	5	na	na	flies	w1118_M	control	w1118_MCall2	Y	N	w1118_M_5	w1118flies
G2-75	75	30ul	1.7	ACGTGCGC	CGTTACTA	FALSE	TRUE	G2	SB707	SB502	7.5	7.5	w1118	M	Call	0	w1118_Call_0_2	0	2	5	na	na	flies	w1118_M	control	w1118_MCall2	Y	N	w1118_M_5	w1118flies
G4-J1	J1	30ul	2	CGTCATAC	TCTACACT	FALSE	TRUE	G4	SC709	SD508	J1	J1	w1118	M	Call	na	w1118_Call_na_43759	na	10/21/19	10	na	none	flies	w1118_M	control	w1118_MCall43759	N	Y	w1118_M_10	w1118flies
G4-J2	J2	30ul	2	TCAGTCTA	ACGCGTGA	FALSE	TRUE	G4	SC710	SD502	J2	J2	w1118	M	Call	na	w1118_Call_na_43759	na	10/21/19	10	na	none	flies	w1118_M	control	w1118_MCall43759	N	Y	w1118_M_10	w1118flies
G4-J3	J3	30ul	2	TCAGTCTA	CGATCTAC	FALSE	TRUE	G4	SC710	SD503	J3	J3	w1118	M	Call	na	w1118_Call_na_43759	na	10/21/19	10	na	none	flies	w1118_M	control	w1118_MCall43759	N	Y	w1118_M_10	w1118flies
G4-J4	J4	30ul	2	TCAGTCTA	TGCGTCAC	FALSE	TRUE	G4	SC710	SD504	J4	J4	w1118	M	Call	na	w1118_Call_na_43759	na	10/21/19	10	na	none	flies	w1118_M	control	w1118_MCall43759	N	Y	w1118_M_10	w1118flies
G4-J5	J5	30ul	2	TCAGTCTA	GTCTAGTG	FALSE	TRUE	G4	SC710	SD505	J5	J5	w1118	M	Call	na	w1118_Call_na_43759	na	10/21/19	10	na	none	flies	w1118_M	control	w1118_MCall43759	N	Y	w1118_M_10	w1118flies
G4-L1	L1	30ul	2	CATCGTGA	CGATCTAC	FALSE	TRUE	G4	SC711	SD503	L1	L1	w1118	M	Call	na	w1118_Call_na_43763	na	10/25/19	10	na	none	flies	w1118_M	control	w1118_MCall43763	N	Y	w1118_M_10	w1118flies
G4-L2	L2	30ul	2	CATCGTGA	TGCGTCAC	FALSE	TRUE	G4	SC711	SD504	L2	L2	w1118	M	Call	na	w1118_Call_na_43763	na	10/25/19	10	na	none	flies	w1118_M	control	w1118_MCall43763	N	Y	w1118_M_10	w1118flies
G4-L3	L3	30ul	2	CATCGTGA	GTCTAGTG	FALSE	TRUE	G4	SC711	SD505	L3	L3	w1118	M	Call	na	w1118_Call_na_43763	na	10/25/19	10	na	none	flies	w1118_M	control	w1118_MCall43763	N	Y	w1118_M_10	w1118flies
G4-L4	L4	30ul	2	CATCGTGA	CTAGTATG	FALSE	TRUE	G4	SC711	SD506	L4	L4	w1118	M	Call	na	w1118_Call_na_43763	na	10/25/19	10	na	none	flies	w1118_M	control	w1118_MCall43763	N	Y	w1118_M_10	w1118flies
G4-L5	L5	30ul	2	CATCGTGA	GATAGCGT	FALSE	TRUE	G4	SC711	SD507	L5	L5	w1118	M	Call	na	w1118_Call_na_43763	na	10/25/19	10	na	none	flies	w1118_M	control	w1118_MCall43763	N	Y	w1118_M_10	w1118flies
G4-N1	N1	30ul	2	GAGCTCGA	GTCTAGTG	FALSE	TRUE	G4	SC712	SD505	N1	N1	w1118	M	Call	na	w1118_Call_na_43759	na	10/21/19	1	na	none	flies	w1118_M	control	w1118_MCall43759	N	Y	w1118_M_1	w1118flies
G4-N2	N2	30ul	2	GAGCTCGA	CTAGTATG	FALSE	TRUE	G4	SC712	SD506	N2	N2	w1118	M	Call	na	w1118_Call_na_43759	na	10/21/19	1	na	none	flies	w1118_M	control	w1118_MCall43759	N	Y	w1118_M_1	w1118flies
G4-N3	N3	30ul	2	GAGCTCGA	GATAGCGT	FALSE	TRUE	G4	SC712	SD507	N3	N3	w1118	M	Call	na	w1118_Call_na_43759	na	10/21/19	1	na	none	flies	w1118_M	control	w1118_MCall43759	N	Y	w1118_M_1	w1118flies
G3-PF1	PF1	30ul	1.8	AGCATACC	TAGTGTAG	FALSE	TRUE	G3	SC708	SC508	PF1	PF1	park25	na	Call	0	park25_Call_0_43704	0	8/27/19	5	Zac	combined from 3 collection vials from 2 days of collection	feces	park25_na	mutant	park25_naCall43704	Y	N	park25_na_5	park25feces
G3-PF10	PF10	30ul	1.8	TCAGTCTA	ACGACGTG	FALSE	TRUE	G3	SC710	SC501	PF10	PF10	park25	na	Call	0	park25_Call_0_43708	0	8/31/19	5	Tanner	overnight feces from 1 collection bottle	feces	park25_na	mutant	park25_naCall43708	Y	N	park25_na_5	park25feces
G3-PF11	PF11	30ul	1.8	TCAGTCTA	ATATACAC	FALSE	TRUE	G3	SC710	SC502	PF11	PF11	park25	na	Call	0	park25_Call_0_43708	0	8/31/19	5	Tanner	overnight feces from 1 collection bottle	feces	park25_na	mutant	park25_naCall43708	Y	N	park25_na_5	park25feces
G3-PF12	PF12	30ul	1.8	TCAGTCTA	CGTCGCTA	FALSE	TRUE	G3	SC710	SC503	PF12	PF12	park25	na	Call	0	park25_Call_0_43709	0	9/1/19	5	Tanner	overnight feces from 1 collection bottle	feces	park25_na	mutant	park25_naCall43709	Y	N	park25_na_5	park25feces
G3-PF13	PF13	30ul	1.8	TCAGTCTA	CTAGAGCT	FALSE	TRUE	G3	SC710	SC504	PF13	PF13	park25	na	Call	0	park25_Call_0_43709	0	9/1/19	5	Tanner	overnight feces from 1 collection bottle	feces	park25_na	mutant	park25_naCall43709	Y	N	park25_na_5	park25feces
G3-PF14	PF14	30ul	1.8	TCAGTCTA	GACACTGA	FALSE	TRUE	G3	SC710	SC506	PF14	PF14	park25	na	Call	0	park25_Call_0_43709	0	9/1/19	5	Tanner	overnight feces from 1 collection bottle	feces	park25_na	mutant	park25_naCall43709	Y	N	park25_na_5	park25feces
G3-PF2	PF2	30ul	1.8	CGTCATAC	ACGACGTG	FALSE	TRUE	G3	SC709	SC501	PF2	PF2	park25	na	Call	0	park25_Call_0_43705	0	8/28/19	5	Zac	overnight feces from 1 collection bottle	feces	park25_na	mutant	park25_naCall43705	Y	N	park25_na_5	park25feces
G3-PF3	PF3	30ul	1.8	CGTCATAC	ATATACAC	FALSE	TRUE	G3	SC709	SC502	PF3	PF3	park25	na	Call	0	park25_Call_0_43705	0	8/28/19	5	Zac	overnight feces from 1 collection bottle	feces	park25_na	mutant	park25_naCall43705	Y	N	park25_na_5	park25feces
G3-PF4	PF4	30ul	1.8	CGTCATAC	CGTCGCTA	FALSE	TRUE	G3	SC709	SC503	PF4	PF4	park25	na	Call	0	park25_Call_0_43705	0	8/28/19	5	Zac	overnight feces from 1 collection bottle	feces	park25_na	mutant	park25_naCall43705	Y	N	park25_na_5	park25feces
G3-PF5	PF5	30ul	1.8	CGTCATAC	CTAGAGCT	FALSE	TRUE	G3	SC709	SC504	PF5	PF5	park25	na	Call	0	park25_Call_0_43706	0	8/29/19	5	Tanner	overnight feces from 3 collection bottles	feces	park25_na	mutant	park25_naCall43706	Y	N	park25_na_5	park25feces
G3-PF6	PF6	30ul	1.8	CGTCATAC	GCTCTAGT	FALSE	TRUE	G3	SC709	SC505	PF6	PF6	park25	na	Call	0	park25_Call_0_43707	0	8/30/19	5	Zac	overnight feces from 1 collection bottle - flies supplemented day before	feces	park25_na	mutant	park25_naCall43707	Y	N	park25_na_5	park25feces
G3-PF7	PF7	30ul	1.8	CGTCATAC	GACACTGA	FALSE	TRUE	G3	SC709	SC506	PF7	PF7	park25	na	Call	0	park25_Call_0_43707	0	8/30/19	5	Zac	overnight feces from 1 collection bottle - flies supplemented day before	feces	park25_na	mutant	park25_naCall43707	Y	N	park25_na_5	park25feces
G3-PF8	PF8	30ul	1.8	CGTCATAC	TGCGTACG	FALSE	TRUE	G3	SC709	SC507	PF8	PF8	park25	na	Call	0	park25_Call_0_43707	0	8/30/19	5	Zac	overnight feces from 1 collection bottle - flies supplemented day before	feces	park25_na	mutant	park25_naCall43707	Y	N	park25_na_5	park25feces
G3-PF9	PF9	30ul	1.8	CGTCATAC	TAGTGTAG	FALSE	TRUE	G3	SC709	SC508	PF9	PF9	park25	na	Call	0	park25_Call_0_43708	0	8/31/19	5	Tanner	overnight feces from 1 collection bottle	feces	park25_na	mutant	park25_naCall43708	Y	N	park25_na_5	park25feces
G3-WF1	WF1	30ul	1.8	ATGAGCTC	GACACTGA	FALSE	TRUE	G3	SC707	SC506	WF1	WF1	w1118	na	Call	0	w1118_Call_0_43704	0	8/27/19	5	Zac	combined from 2 collection vials from 2 days of collection	feces	w1118_na	control	w1118_naCall43704	Y	N	w1118_na_5	w1118feces
G3-WF10	WF10	30ul	1.8	AGCATACC	TGCGTACG	FALSE	TRUE	G3	SC708	SC507	WF10	WF10	w1118	na	Call	0	w1118_Call_0_43709	0	9/1/19	5	Tanner	overnight feces from 1 collection bottle	feces	w1118_na	control	w1118_naCall43709	Y	N	w1118_na_5	w1118feces
G3-WF2	WF2	30ul	1.8	ATGAGCTC	TGCGTACG	FALSE	TRUE	G3	SC707	SC507	WF2	WF2	w1118	na	Call	0	w1118_Call_0_43705	0	8/28/19	5	Zac	overnight feces from 1 collection bottle	feces	w1118_na	control	w1118_naCall43705	Y	N	w1118_na_5	w1118feces
G3-WF3	WF3	30ul	1.8	ATGAGCTC	TAGTGTAG	FALSE	TRUE	G3	SC707	SC508	WF3	WF3	w1118	na	Call	0	w1118_Call_0_43705	0	8/28/19	5	Zac	overnight feces from 1 collection bottle	feces	w1118_na	control	w1118_naCall43705	Y	N	w1118_na_5	w1118feces
G3-WF4	WF4	30ul	1.8	AGCATACC	ACGACGTG	FALSE	TRUE	G3	SC708	SC501	WF4	WF4	w1118	na	Call	0	w1118_Call_0_43706	0	8/29/19	5	Tanner	overnight feces from 2 collection bottles	feces	w1118_na	control	w1118_naCall43706	Y	N	w1118_na_5	w1118feces
G3-WF5	WF5	30ul	1.8	AGCATACC	ATATACAC	FALSE	TRUE	G3	SC708	SC502	WF5	WF5	w1118	na	Call	0	w1118_Call_0_43707	0	8/30/19	5	Zac	overnight feces from 1 collection bottle - flies supplemented day before	feces	w1118_na	control	w1118_naCall43707	Y	N	w1118_na_5	w1118feces
G3-WF6	WF6	30ul	1.8	AGCATACC	CGTCGCTA	FALSE	TRUE	G3	SC708	SC503	WF6	WF6	w1118	na	Call	0	w1118_Call_0_43707	0	8/30/19	5	Zac	overnight feces from 1 collection bottle - flies supplemented day before	feces	w1118_na	control	w1118_naCall43707	Y	N	w1118_na_5	w1118feces
G3-WF7	WF7	30ul	1.8	AGCATACC	CTAGAGCT	FALSE	TRUE	G3	SC708	SC504	WF7	WF7	w1118	na	Call	0	w1118_Call_0_43708	0	8/31/19	5	Tanner	overnight feces from 1 collection bottle	feces	w1118_na	control	w1118_naCall43708	Y	N	w1118_na_5	w1118feces
G3-WF8	WF8	30ul	1.8	AGCATACC	GCTCTAGT	FALSE	TRUE	G3	SC708	SC505	WF8	WF8	w1118	na	Call	0	w1118_Call_0_43708	0	8/31/19	5	Tanner	overnight feces from 1 collection bottle	feces	w1118_na	control	w1118_naCall43708	Y	N	w1118_na_5	w1118feces
G3-WF9	WF9	30ul	1.8	AGCATACC	GACACTGA	FALSE	TRUE	G3	SC708	SC506	WF9	WF9	w1118	na	Call	0	w1118_Call_0_43709	0	9/1/19	5	Tanner	overnight feces from 1 collection bottle	feces	w1118_na	control	w1118_naCall43709	Y	N	w1118_na_5	w1118feces
G4-exbuffer4	exbuffer4	30ul	2	TCTAGACT	CTAGTATG	FALSE	TRUE	G4	SC703	SD506	exbuffer4	exbuffer4	neg	neg	Call	neg	neg_Call_neg_neg	neg	neg	neg	neg	neg	flies	neg_neg	neg	neg_negCallneg	N	N	neg_neg_neg	negflies
G4-neg7	neg7	30ul	2	AGCATACC	GTCTAGTG	FALSE	TRUE	G4	SC708	SD505	neg7	neg7	neg	neg	Call	na	neg_Call_na_neg	na	neg	neg	na	none	flies	neg_neg	neg	neg_negCallneg	N	N	neg_neg_neg	negflies
G4-neg8	neg8	30ul	2	ATAGCGCT	AAGCAGCA	FALSE	TRUE	G4	SC702	SD501	neg8	neg8	neg	neg	Call	na	neg_Call_na_neg	na	neg	neg	na	none	flies	neg_neg	neg	neg_negCallneg	N	N	neg_neg_neg	negflies
G1-exbuffer2	exbuffer2	30ul	2	CTGCGTAG	GACACTGA	FALSE	TRUE	G1	SA706	SC506	exbuffer2	exbuffer2	exbuffer	exbuffer	exbuffer	exbuffer	exbuffer_exbuffer_exbuffer_exbuffer	exbuffer	exbuffer	5	na	na	flies	exbuffer_exbuffer	exbuffer	exbuffer_exbufferexbufferexbuffer	N	N	exbuffer_exbuffer_5	exbufferflies
G2-exbuffer1	exbuffer1	30ul	1.7	TGCTCGTA	CTACTATA	FALSE	TRUE	G2	SB710	SB501	exbuffer1	exbuffer1	exbuffer	exbuffer	exbuffer	exbuffer	exbuffer_exbuffer_exbuffer_exbuffer	exbuffer	exbuffer	5	na	na	flies	exbuffer_exbuffer	exbuffer	exbuffer_exbufferexbufferexbuffer	N	N	exbuffer_exbuffer_5	exbufferflies
G3-exbuffer3	exbuffer3	30ul	1.8	CAGTAGGT	GACACTGA	FALSE	TRUE	G3	SC701	SC506	exbuffer3	exbuffer3	exbuffer	exbuffer	exbuffer	exbuffer	exbuffer_exbuffer_exbuffer_exbuffer	exbuffer	exbuffer	5	na	na	flies	exbuffer_exbuffer	exbuffer	exbuffer_exbufferexbufferexbuffer	N	N	exbuffer_exbuffer_5	exbufferflies
G1-133	133	30ul	2	TGAGTACG	ATATACAC	FALSE	TRUE	G1	SA705	SC502	1.33	1.33	na	na	na	na	na	na	na	na	na	na	flies	na_na	na	na_nanana	N	N	na_na_na	naflies
G1-134	134	30ul	2	TGAGTACG	CGTCGCTA	FALSE	TRUE	G1	SA705	SC503	1.34	1.34	na	na	na	na	na	na	na	na	na	na	flies	na_na	na	na_nanana	N	N	na_na_na	naflies
G1-neg3	neg3	30ul	2	GACATAGT	ATATACAC	FALSE	TRUE	G1	SA702	SC502	neg3	neg3	neg	neg	neg	neg	neg_neg_neg_neg	neg	neg	5	na	na	flies	neg_neg	neg	neg_negnegneg	N	N	neg_neg_5	negflies
G1-neg4	neg4	30ul	2	GTCTATGA	ACGACGTG	FALSE	TRUE	G1	SA711	SC501	neg4	neg4	neg	neg	neg	neg	neg_neg_neg_neg	neg	neg	5	na	na	flies	neg_neg	neg	neg_negnegneg	N	N	neg_neg_5	negflies
G2-neg1	neg1	30ul	1.7	TCTCTATG	AGAGTCAC	FALSE	TRUE	G2	SB704	SB503	neg1	neg1	neg	neg	neg	neg	neg_neg_neg_neg	neg	neg	5	na	na	flies	neg_neg	neg	neg_negnegneg	N	N	neg_neg_5	negflies
G2-neg2	neg2	30ul	1.7	GCGTATAC	GTCAGATA	FALSE	TRUE	G2	SB709	SB508	neg2	neg2	neg	neg	neg	neg	neg_neg_neg_neg	neg	neg	5	na	na	flies	neg_neg	neg	neg_negnegneg	N	N	neg_neg_5	negflies
G3-neg5	neg5	30ul	1.8	CGAGCTAG	ATATACAC	FALSE	TRUE	G3	SC705	SC502	neg5	neg5	neg	neg	neg	neg	neg_neg_neg_neg	neg	neg	5	na	na	flies	neg_neg	neg	neg_negnegneg	N	N	neg_neg_5	negflies
G3-neg6	neg6	30ul	1.8	TCAGTCTA	GCTCTAGT	FALSE	TRUE	G3	SC710	SC505	neg6	neg6	neg	neg	neg	neg	neg_neg_neg_neg	neg	neg	5	na	na	flies	neg_neg	neg	neg_negnegneg	N	N	neg_neg_5	negflies
G2-1100	1100	30ul	1.7	CTCGACTT	GATCGTGT	FALSE	TRUE	G2	SB701	SB507	1.100.	1.1	park25	F	Pallanck	1	park25_Pallanck_1_1	5905 TM6B	1	5	na	na	flies	park25_F	mutant	park25_FPallanck1	N	N	park25_F_5	park25flies
G2-1102	1102	30ul	1.7	CGAAGTAT	CTACTATA	FALSE	TRUE	G2	SB702	SB501	1.102	1.102	park25	F	Pallanck	2	park25_Pallanck_2_1	5905 TM6B	1	5	na	na	flies	park25_F	mutant	park25_FPallanck1	N	N	park25_F_5	park25flies
G2-1106	1106	30ul	1.7	CGAAGTAT	TACGAGAC	FALSE	TRUE	G2	SB702	SB504	1.106	1.106	park25	F	Pallanck	2	park25_Pallanck_2_1	5905 TM6B	1	5	na	na	flies	park25_F	mutant	park25_FPallanck1	N	N	park25_F_5	park25flies
G2-1107	1107	30ul	1.7	ATAGTACC	CGTTACTA	FALSE	TRUE	G2	SB708	SB502	1.107	1.107	park25	F	Pallanck	0	park25_Pallanck_0_1	5905 TM3	1	5	na	na	flies	park25_F	mutant	park25_FPallanck1	N	N	park25_F_5	park25flies
G2-1111	1111	30ul	1.7	CGAAGTAT	GTCAGATA	FALSE	TRUE	G2	SB702	SB508	1.111	1.111	park25	F	Pallanck	0	park25_Pallanck_0_1	5905 TM3	1	5	na	na	flies	park25_F	mutant	park25_FPallanck1	N	N	park25_F_5	park25flies
G2-1113	1113	30ul	1.7	TAGCAGCT	CTACTATA	FALSE	TRUE	G2	SB703	SB501	1.113	1.113	park25	F	Pallanck	0	park25_Pallanck_0_1	5905 TM3	1	5	na	na	flies	park25_F	mutant	park25_FPallanck1	N	N	park25_F_5	park25flies
G2-314	314	30ul	1.7	GCGTATAC	TCGACGAG	FALSE	TRUE	G2	SB709	SB506	3.14	3.14	park25	F	Pallanck	0	park25_Pallanck_0_2	5905 TM6B	2	5	na	na	flies	park25_F	mutant	park25_FPallanck2	N	N	park25_F_5	park25flies
G2-316	316	30ul	1.7	TGCTCGTA	CGTTACTA	FALSE	TRUE	G2	SB710	SB502	3.16	3.16	park25	F	Pallanck	0	park25_Pallanck_0_2	5905 TM6B	2	5	na	na	flies	park25_F	mutant	park25_FPallanck2	N	N	park25_F_5	park25flies
G2-318	318	30ul	1.7	TGCTCGTA	TACGAGAC	FALSE	TRUE	G2	SB710	SB504	3.18	3.18	park25	F	Pallanck	0	park25_Pallanck_0_2	5905 TM6B	2	5	na	na	flies	park25_F	mutant	park25_FPallanck2	N	N	park25_F_5	park25flies
G2-322	322	30ul	1.7	TGCTCGTA	GTCAGATA	FALSE	TRUE	G2	SB710	SB508	3.22	3.22	park25	F	Pallanck	0	park25_Pallanck_0_2	5905 TM3	2	5	na	na	flies	park25_F	mutant	park25_FPallanck2	N	N	park25_F_5	park25flies
G2-324	324	30ul	1.7	AACGCTGA	CGTTACTA	FALSE	TRUE	G2	SB711	SB502	3.24	3.24	park25	F	Pallanck	0	park25_Pallanck_0_2	5905 TM3	2	5	na	na	flies	park25_F	mutant	park25_FPallanck2	N	N	park25_F_5	park25flies
G2-320	320	30ul	1.7	TGCTCGTA	TCGACGAG	FALSE	TRUE	G2	SB710	SB506	3.20.	3.2	park25	F	Pallanck	0	park25_Pallanck_0_2	5905 TM3	2	5	na	na	flies	park25_F	mutant	park25_FPallanck2	N	N	park25_F_5	park25flies
G2-326	326	30ul	1.7	AACGCTGA	TACGAGAC	FALSE	TRUE	G2	SB711	SB504	3.26	3.26	parkrvA (Control)	F	Pallanck	0	parkrvA (Control)_Pallanck_0_2	RVA	2	5	na	na	flies	parkrvA (Control)_F	control	parkrvA (Control)_FPallanck2	N	N	parkrvA (Control)_F_5	parkrvA (Control)flies
G2-328	328	30ul	1.7	AACGCTGA	TCGACGAG	FALSE	TRUE	G2	SB711	SB506	3.28	3.28	parkrvA (Control)	F	Pallanck	0	parkrvA (Control)_Pallanck_0_2	RVA	2	5	na	na	flies	parkrvA (Control)_F	control	parkrvA (Control)_FPallanck2	N	N	parkrvA (Control)_F_5	parkrvA (Control)flies
G2-330	330	30ul	1.7	AACGCTGA	GTCAGATA	FALSE	TRUE	G2	SB711	SB508	3.30.	3.3	parkrvA (Control)	F	Pallanck	0	parkrvA (Control)_Pallanck_0_2	RVA	2	5	na	na	flies	parkrvA (Control)_F	control	parkrvA (Control)_FPallanck2	N	N	parkrvA (Control)_F_5	parkrvA (Control)flies
G2-1101	1101	30ul	1.7	CTCGACTT	GTCAGATA	FALSE	TRUE	G2	SB701	SB508	1.101	1.101	park25	M	Pallanck	2	park25_Pallanck_2_1	5905 TM6B	1	5	na	na	flies	park25_M	mutant	park25_MPallanck1	N	N	park25_M_5	park25flies
G2-1105	1105	30ul	1.7	ATAGTACC	CTACTATA	FALSE	TRUE	G2	SB708	SB501	1.105	1.105	park25	M	Pallanck	2	park25_Pallanck_2_1	5905 TM6B	1	5	na	na	flies	park25_M	mutant	park25_MPallanck1	N	N	park25_M_5	park25flies
G2-1108	1108	30ul	1.7	CGAAGTAT	ACGTCTCG	FALSE	TRUE	G2	SB702	SB505	1.108	1.108	park25	M	Pallanck	0	park25_Pallanck_0_1	5905 TM3	1	5	na	na	flies	park25_M	mutant	park25_MPallanck1	N	N	park25_M_5	park25flies
G2-1109	1109	30ul	1.7	CGAAGTAT	TCGACGAG	FALSE	TRUE	G2	SB702	SB506	1.109	1.109	park25	M	Pallanck	0	park25_Pallanck_0_1	5905 TM3	1	5	na	na	flies	park25_M	mutant	park25_MPallanck1	N	N	park25_M_5	park25flies
G2-1110	1110	30ul	1.7	CGAAGTAT	GATCGTGT	FALSE	TRUE	G2	SB702	SB507	1.110.	1.11	park25	M	Pallanck	0	park25_Pallanck_0_1	5905 TM3	1	5	na	na	flies	park25_M	mutant	park25_MPallanck1	N	N	park25_M_5	park25flies
G2-199	199	30ul	1.7	CTCGACTT	TCGACGAG	FALSE	TRUE	G2	SB701	SB506	1.99	1.99	park25	M	Pallanck	1	park25_Pallanck_1_1	5905 TM6B	1	5	na	na	flies	park25_M	mutant	park25_MPallanck1	N	N	park25_M_5	park25flies
G2-313	313	30ul	1.7	GCGTATAC	ACGTCTCG	FALSE	TRUE	G2	SB709	SB505	3.13	3.13	park25	M	Pallanck	0	park25_Pallanck_0_2	5905 TM6B	2	5	na	na	flies	park25_M	mutant	park25_MPallanck2	N	N	park25_M_5	park25flies
G2-315	315	30ul	1.7	GCGTATAC	GATCGTGT	FALSE	TRUE	G2	SB709	SB507	3.15	3.15	park25	M	Pallanck	0	park25_Pallanck_0_2	5905 TM6B	2	5	na	na	flies	park25_M	mutant	park25_MPallanck2	N	N	park25_M_5	park25flies
G2-317	317	30ul	1.7	TGCTCGTA	AGAGTCAC	FALSE	TRUE	G2	SB710	SB503	3.17	3.17	park25	M	Pallanck	0	park25_Pallanck_0_2	5905 TM6B	2	5	na	na	flies	park25_M	mutant	park25_MPallanck2	N	N	park25_M_5	park25flies
G2-319	319	30ul	1.7	TGCTCGTA	ACGTCTCG	FALSE	TRUE	G2	SB710	SB505	3.19	3.19	park25	M	Pallanck	0	park25_Pallanck_0_2	5905 TM3	2	5	na	na	flies	park25_M	mutant	park25_MPallanck2	N	N	park25_M_5	park25flies
G2-321	321	30ul	1.7	TGCTCGTA	GATCGTGT	FALSE	TRUE	G2	SB710	SB507	3.21	3.21	park25	M	Pallanck	0	park25_Pallanck_0_2	5905 TM3	2	5	na	na	flies	park25_M	mutant	park25_MPallanck2	N	N	park25_M_5	park25flies
G2-323	323	30ul	1.7	AACGCTGA	CTACTATA	FALSE	TRUE	G2	SB711	SB501	3.23	3.23	park25	M	Pallanck	0	park25_Pallanck_0_2	5905 TM3	2	5	na	na	flies	park25_M	mutant	park25_MPallanck2	N	N	park25_M_5	park25flies
G2-325	325	30ul	1.7	AACGCTGA	AGAGTCAC	FALSE	TRUE	G2	SB711	SB503	3.25	3.25	parkrvA (Control)	M	Pallanck	0	parkrvA (Control)_Pallanck_0_2	RVA	2	5	na	na	flies	parkrvA (Control)_M	control	parkrvA (Control)_MPallanck2	N	N	parkrvA (Control)_M_5	parkrvA (Control)flies
G2-327	327	30ul	1.7	AACGCTGA	ACGTCTCG	FALSE	TRUE	G2	SB711	SB505	3.27	3.27	parkrvA (Control)	M	Pallanck	0	parkrvA (Control)_Pallanck_0_2	RVA	2	5	na	na	flies	parkrvA (Control)_M	control	parkrvA (Control)_MPallanck2	N	N	parkrvA (Control)_M_5	parkrvA (Control)flies
G2-329	329	30ul	1.7	AACGCTGA	GATCGTGT	FALSE	TRUE	G2	SB711	SB507	3.29	3.29	parkrvA (Control)	M	Pallanck	0	parkrvA (Control)_Pallanck_0_2	RVA	2	5	na	na	flies	parkrvA (Control)_M	control	parkrvA (Control)_MPallanck2	N	N	parkrvA (Control)_M_5	parkrvA (Control)flies
G1-140	140	30ul	2	CTGCGTAG	ACGACGTG	FALSE	TRUE	G1	SA706	SC501	1.40.	1.4	pink1 B9 FM6 Mutants	F	Stanford	0	pink1 B9 FM6 Mutants_Stanford_0_1	B9 FM6	1	5	na	na	flies	pink1 B9 FM6 Mutants_F	mutant	pink1 B9 FM6 Mutants_FStanford1	N	N	pink1 B9 FM6 Mutants_F_5	pink1 B9 FM6 Mutantsflies
G1-188	188	30ul	2	TATAGCGA	CGTCGCTA	FALSE	TRUE	G1	SA712	SC503	1.88	1.88	pink1 B9 FM6 Mutants	F	Stanford	0	pink1 B9 FM6 Mutants_Stanford_0_1	B9 FM6	1	5	na	na	flies	pink1 B9 FM6 Mutants_F	mutant	pink1 B9 FM6 Mutants_FStanford1	N	N	pink1 B9 FM6 Mutants_F_5	pink1 B9 FM6 Mutantsflies
G1-190	190	30ul	2	TATAGCGA	GCTCTAGT	FALSE	TRUE	G1	SA712	SC505	1.90.	1.9	pink1 B9 FM6 Mutants	F	Stanford	0	pink1 B9 FM6 Mutants_Stanford_0_1	B9 FM6	1	5	na	na	flies	pink1 B9 FM6 Mutants_F	mutant	pink1 B9 FM6 Mutants_FStanford1	N	N	pink1 B9 FM6 Mutants_F_5	pink1 B9 FM6 Mutantsflies
G2-220	220	30ul	1.7	GATCTACG	AGAGTCAC	FALSE	TRUE	G2	SB705	SB503	2.20.	2.2	pink1 B9 FM6 Mutants	F	Stanford	0	pink1 B9 FM6 Mutants_Stanford_0_2	B9 FM6	2	5	na	na	flies	pink1 B9 FM6 Mutants_F	mutant	pink1 B9 FM6 Mutants_FStanford2	N	N	pink1 B9 FM6 Mutants_F_5	pink1 B9 FM6 Mutantsflies
G2-222	222	30ul	1.7	GATCTACG	ACGTCTCG	FALSE	TRUE	G2	SB705	SB505	2.22	2.22	pink1 B9 FM6 Mutants	F	Stanford	0	pink1 B9 FM6 Mutants_Stanford_0_2	B9 FM6	2	5	na	na	flies	pink1 B9 FM6 Mutants_F	mutant	pink1 B9 FM6 Mutants_FStanford2	N	N	pink1 B9 FM6 Mutants_F_5	pink1 B9 FM6 Mutantsflies
G2-224	224	30ul	1.7	GATCTACG	GATCGTGT	FALSE	TRUE	G2	SB705	SB507	2.24	2.24	pink1 B9 FM6 Mutants	F	Stanford	0	pink1 B9 FM6 Mutants_Stanford_0_2	B9 FM6	2	5	na	na	flies	pink1 B9 FM6 Mutants_F	mutant	pink1 B9 FM6 Mutants_FStanford2	N	N	pink1 B9 FM6 Mutants_F_5	pink1 B9 FM6 Mutantsflies
G1-142	142	30ul	2	CTGCGTAG	CGTCGCTA	FALSE	TRUE	G1	SA706	SC503	1.42	1.42	pink1 RV FM6 (Control)	F	Stanford	0	pink1 RV FM6 (Control)_Stanford_0_1	RV FM6	1	5	na	na	flies	pink1 RV FM6 (Control)_F	control	pink1 RV FM6 (Control)_FStanford1	N	N	pink1 RV FM6 (Control)_F_5	pink1 RV FM6 (Control)flies
G1-144	144	30ul	2	CTGCGTAG	GCTCTAGT	FALSE	TRUE	G1	SA706	SC505	1.44	1.44	pink1 RV FM6 (Control)	F	Stanford	0	pink1 RV FM6 (Control)_Stanford_0_1	RV FM6	1	5	na	na	flies	pink1 RV FM6 (Control)_F	control	pink1 RV FM6 (Control)_FStanford1	N	N	pink1 RV FM6 (Control)_F_5	pink1 RV FM6 (Control)flies
G1-192	192	30ul	2	TATAGCGA	TGCGTACG	FALSE	TRUE	G1	SA712	SC507	1.92	1.92	pink1 RV FM6 (Control)	F	Stanford	0	pink1 RV FM6 (Control)_Stanford_0_1	RV FM6	1	5	na	na	flies	pink1 RV FM6 (Control)_F	control	pink1 RV FM6 (Control)_FStanford1	N	N	pink1 RV FM6 (Control)_F_5	pink1 RV FM6 (Control)flies
G2-214	214	30ul	1.7	TCTCTATG	ACGTCTCG	FALSE	TRUE	G2	SB704	SB505	2.14	2.14	pink1 RV FM6 (Control)	F	Stanford	0	pink1 RV FM6 (Control)_Stanford_0_2	RV FM6	2	5	na	na	flies	pink1 RV FM6 (Control)_F	control	pink1 RV FM6 (Control)_FStanford2	N	N	pink1 RV FM6 (Control)_F_5	pink1 RV FM6 (Control)flies
G2-216	216	30ul	1.7	TCTCTATG	GATCGTGT	FALSE	TRUE	G2	SB704	SB507	2.16	2.16	pink1 RV FM6 (Control)	F	Stanford	0	pink1 RV FM6 (Control)_Stanford_0_2	RV FM6	2	5	na	na	flies	pink1 RV FM6 (Control)_F	control	pink1 RV FM6 (Control)_FStanford2	N	N	pink1 RV FM6 (Control)_F_5	pink1 RV FM6 (Control)flies
G2-218	218	30ul	1.7	GATCTACG	CTACTATA	FALSE	TRUE	G2	SB705	SB501	2.18	2.18	pink1 RV FM6 (Control)	F	Stanford	0	pink1 RV FM6 (Control)_Stanford_0_2	RV FM6	2	5	na	na	flies	pink1 RV FM6 (Control)_F	control	pink1 RV FM6 (Control)_FStanford2	N	N	pink1 RV FM6 (Control)_F_5	pink1 RV FM6 (Control)flies
G1-139	139	30ul	2	TGAGTACG	TAGTGTAG	FALSE	TRUE	G1	SA705	SC508	1.39	1.39	pink1 B9 FM6 Mutants	M	Stanford	0	pink1 B9 FM6 Mutants_Stanford_0_1	B9 FM6	1	5	na	na	flies	pink1 B9 FM6 Mutants_M	mutant	pink1 B9 FM6 Mutants_MStanford1	N	N	pink1 B9 FM6 Mutants_M_5	pink1 B9 FM6 Mutantsflies
G1-187	187	30ul	2	TATAGCGA	ATATACAC	FALSE	TRUE	G1	SA712	SC502	1.87	1.87	pink1 B9 FM6 Mutants	M	Stanford	0	pink1 B9 FM6 Mutants_Stanford_0_1	B9 FM6	1	5	na	na	flies	pink1 B9 FM6 Mutants_M	mutant	pink1 B9 FM6 Mutants_MStanford1	N	N	pink1 B9 FM6 Mutants_M_5	pink1 B9 FM6 Mutantsflies
G1-189	189	30ul	2	TATAGCGA	CTAGAGCT	FALSE	TRUE	G1	SA712	SC504	1.89	1.89	pink1 B9 FM6 Mutants	M	Stanford	0	pink1 B9 FM6 Mutants_Stanford_0_1	B9 FM6	1	5	na	na	flies	pink1 B9 FM6 Mutants_M	mutant	pink1 B9 FM6 Mutants_MStanford1	N	N	pink1 B9 FM6 Mutants_M_5	pink1 B9 FM6 Mutantsflies
G2-219	219	30ul	1.7	GATCTACG	CGTTACTA	FALSE	TRUE	G2	SB705	SB502	2.19	2.19	pink1 B9 FM6 Mutants	M	Stanford	0	pink1 B9 FM6 Mutants_Stanford_0_2	B9 FM6	2	5	na	na	flies	pink1 B9 FM6 Mutants_M	mutant	pink1 B9 FM6 Mutants_MStanford2	N	N	pink1 B9 FM6 Mutants_M_5	pink1 B9 FM6 Mutantsflies
G2-221	221	30ul	1.7	GATCTACG	TACGAGAC	FALSE	TRUE	G2	SB705	SB504	2.21	2.21	pink1 B9 FM6 Mutants	M	Stanford	0	pink1 B9 FM6 Mutants_Stanford_0_2	B9 FM6	2	5	na	na	flies	pink1 B9 FM6 Mutants_M	mutant	pink1 B9 FM6 Mutants_MStanford2	N	N	pink1 B9 FM6 Mutants_M_5	pink1 B9 FM6 Mutantsflies
G2-223	223	30ul	1.7	GATCTACG	TCGACGAG	FALSE	TRUE	G2	SB705	SB506	2.23	2.23	pink1 B9 FM6 Mutants	M	Stanford	0	pink1 B9 FM6 Mutants_Stanford_0_2	B9 FM6	2	5	na	na	flies	pink1 B9 FM6 Mutants_M	mutant	pink1 B9 FM6 Mutants_MStanford2	N	N	pink1 B9 FM6 Mutants_M_5	pink1 B9 FM6 Mutantsflies
G1-141	141	30ul	2	CTGCGTAG	ATATACAC	FALSE	TRUE	G1	SA706	SC502	1.41	1.41	pink1 RV FM6 (Control)	M	Stanford	0	pink1 RV FM6 (Control)_Stanford_0_1	RV FM6	1	5	na	na	flies	pink1 RV FM6 (Control)_M	control	pink1 RV FM6 (Control)_MStanford1	N	N	pink1 RV FM6 (Control)_M_5	pink1 RV FM6 (Control)flies
G1-143	143	30ul	2	CTGCGTAG	CTAGAGCT	FALSE	TRUE	G1	SA706	SC504	1.43	1.43	pink1 RV FM6 (Control)	M	Stanford	0	pink1 RV FM6 (Control)_Stanford_0_1	RV FM6	1	5	na	na	flies	pink1 RV FM6 (Control)_M	control	pink1 RV FM6 (Control)_MStanford1	N	N	pink1 RV FM6 (Control)_M_5	pink1 RV FM6 (Control)flies
G1-191	191	30ul	2	TATAGCGA	GACACTGA	FALSE	TRUE	G1	SA712	SC506	1.91	1.91	pink1 RV FM6 (Control)	M	Stanford	0	pink1 RV FM6 (Control)_Stanford_0_1	RV FM6	1	5	na	na	flies	pink1 RV FM6 (Control)_M	control	pink1 RV FM6 (Control)_MStanford1	N	N	pink1 RV FM6 (Control)_M_5	pink1 RV FM6 (Control)flies
G2-213	213	30ul	1.7	TCTCTATG	TACGAGAC	FALSE	TRUE	G2	SB704	SB504	2.13	2.13	pink1 RV FM6 (Control)	M	Stanford	0	pink1 RV FM6 (Control)_Stanford_0_2	RV FM6	2	5	na	na	flies	pink1 RV FM6 (Control)_M	control	pink1 RV FM6 (Control)_MStanford2	N	N	pink1 RV FM6 (Control)_M_5	pink1 RV FM6 (Control)flies
G2-215	215	30ul	1.7	TCTCTATG	TCGACGAG	FALSE	TRUE	G2	SB704	SB506	2.15	2.15	pink1 RV FM6 (Control)	M	Stanford	0	pink1 RV FM6 (Control)_Stanford_0_2	RV FM6	2	5	na	na	flies	pink1 RV FM6 (Control)_M	control	pink1 RV FM6 (Control)_MStanford2	N	N	pink1 RV FM6 (Control)_M_5	pink1 RV FM6 (Control)flies
G2-217	217	30ul	1.7	TCTCTATG	GTCAGATA	FALSE	TRUE	G2	SB704	SB508	2.17	2.17	pink1 RV FM6 (Control)	M	Stanford	0	pink1 RV FM6 (Control)_Stanford_0_2	RV FM6	2	5	na	na	flies	pink1 RV FM6 (Control)_M	control	pink1 RV FM6 (Control)_MStanford2	N	N	pink1 RV FM6 (Control)_M_5	pink1 RV FM6 (Control)flies
G2-1104	1104	30ul	1.7	CGAAGTAT	AGAGTCAC	FALSE	TRUE	G2	SB702	SB503	1.104	1.104	PG (Control)	F	UCLA	0	PG (Control)_UCLA_0_1	PG	1	5	na	na	flies	PG (Control)_F	control	PG (Control)_FUCLA1	N	N	PG (Control)_F_5	PG (Control)flies
G2-196	196	30ul	1.7	CTCGACTT	AGAGTCAC	FALSE	TRUE	G2	SB701	SB503	1.96	1.96	PG (Control)	F	UCLA	0	PG (Control)_UCLA_0_1	PG	1	5	na	na	flies	PG (Control)_F	control	PG (Control)_FUCLA1	N	N	PG (Control)_F_5	PG (Control)flies
G2-198	198	30ul	1.7	CTCGACTT	ACGTCTCG	FALSE	TRUE	G2	SB701	SB505	1.98	1.98	PG (Control)	F	UCLA	0	PG (Control)_UCLA_0_1	PG	1	5	na	na	flies	PG (Control)_F	control	PG (Control)_FUCLA1	N	N	PG (Control)_F_5	PG (Control)flies
G2-210	210	30ul	1.7	TCTCTATG	CGTTACTA	FALSE	TRUE	G2	SB704	SB502	2.10.	2.1	PG (Control)	F	UCLA	1	PG (Control)_UCLA_1_2	PINK1 Precise Excision	2	5	na	na	flies	PG (Control)_F	control	PG (Control)_FUCLA2	N	N	PG (Control)_F_5	PG (Control)flies
G2-212	212	30ul	1.7	ACGTGCGC	ACGTCTCG	FALSE	TRUE	G2	SB707	SB505	2.12	2.12	PG (Control)	F	UCLA	2	PG (Control)_UCLA_2_2	PINK1 Precise Excision	2	5	na	na	flies	PG (Control)_F	control	PG (Control)_FUCLA2	N	N	PG (Control)_F_5	PG (Control)flies
G2-28	28	30ul	1.7	TAGCAGCT	GTCAGATA	FALSE	TRUE	G2	SB703	SB508	2.8	2.8	PG (Control)	F	UCLA	1	PG (Control)_UCLA_1_2	PINK1 Precise Excision	2	5	na	na	flies	PG (Control)_F	control	PG (Control)_FUCLA2	N	N	PG (Control)_F_5	PG (Control)flies
G1-176	176	30ul	2	GTCTATGA	CGTCGCTA	FALSE	TRUE	G1	SA711	SC503	1.76	1.76	pink15	F	UCLA	0	pink15_UCLA_0_1	pink15	1	5	na	na	flies	pink15_F	mutant	pink15_FUCLA1	N	N	pink15_F_5	pink15flies
G1-180	180	30ul	2	GTCTATGA	TGCGTACG	FALSE	TRUE	G1	SA711	SC507	1.80.	1.8	pink15	F	UCLA	0	pink15_UCLA_0_1	pink15	1	5	na	na	flies	pink15_F	mutant	pink15_FUCLA1	N	N	pink15_F_5	pink15flies
G1-182	182	30ul	2	TATAGCGA	ACGACGTG	FALSE	TRUE	G1	SA712	SC501	1.82	1.82	pink15	F	UCLA	0	pink15_UCLA_0_1	pink15	1	5	na	na	flies	pink15_F	mutant	pink15_FUCLA1	N	N	pink15_F_5	pink15flies
G2-22	22	30ul	1.7	TAGCAGCT	AGAGTCAC	FALSE	TRUE	G2	SB703	SB503	2.2	2.2	pink15	F	UCLA	1	pink15_UCLA_1_2	pink15	2	5	na	na	flies	pink15_F	mutant	pink15_FUCLA2	N	N	pink15_F_5	pink15flies
G2-24	24	30ul	1.7	TAGCAGCT	ACGTCTCG	FALSE	TRUE	G2	SB703	SB505	2.4	2.4	pink15	F	UCLA	1	pink15_UCLA_1_2	pink15	2	5	na	na	flies	pink15_F	mutant	pink15_FUCLA2	N	N	pink15_F_5	pink15flies
G2-26	26	30ul	1.7	TAGCAGCT	TCGACGAG	FALSE	TRUE	G2	SB703	SB506	2.6	2.6	pink15	F	UCLA	1	pink15_UCLA_1_2	pink15	2	5	na	na	flies	pink15_F	mutant	pink15_FUCLA2	N	N	pink15_F_5	pink15flies
G2-1103	1103	30ul	1.7	CGAAGTAT	CGTTACTA	FALSE	TRUE	G2	SB702	SB502	1.103	1.103	PG (Control)	M	UCLA	0	PG (Control)_UCLA_0_1	PG	1	5	na	na	flies	PG (Control)_M	control	PG (Control)_MUCLA1	N	N	PG (Control)_M_5	PG (Control)flies
G2-195	195	30ul	1.7	CTCGACTT	CGTTACTA	FALSE	TRUE	G2	SB701	SB502	1.95	1.95	PG (Control)	M	UCLA	0	PG (Control)_UCLA_0_1	PG	1	5	na	na	flies	PG (Control)_M	control	PG (Control)_MUCLA1	N	N	PG (Control)_M_5	PG (Control)flies
G2-197	197	30ul	1.7	CTCGACTT	TACGAGAC	FALSE	TRUE	G2	SB701	SB504	1.97	1.97	PG (Control)	M	UCLA	0	PG (Control)_UCLA_0_1	PG	1	5	na	na	flies	PG (Control)_M	control	PG (Control)_MUCLA1	N	N	PG (Control)_M_5	PG (Control)flies
G2-211	211	30ul	1.7	ACGTGCGC	TACGAGAC	FALSE	TRUE	G2	SB707	SB504	2.11	2.11	PG (Control)	M	UCLA	2	PG (Control)_UCLA_2_2	PINK1 Precise Excision	2	5	na	na	flies	PG (Control)_M	control	PG (Control)_MUCLA2	N	N	PG (Control)_M_5	PG (Control)flies
G2-27	27	30ul	1.7	TAGCAGCT	GATCGTGT	FALSE	TRUE	G2	SB703	SB507	2.7	2.7	PG (Control)	M	UCLA	1	PG (Control)_UCLA_1_2	PINK1 Precise Excision	2	5	na	na	flies	PG (Control)_M	control	PG (Control)_MUCLA2	N	N	PG (Control)_M_5	PG (Control)flies
G2-29	29	30ul	1.7	TCTCTATG	CTACTATA	FALSE	TRUE	G2	SB704	SB501	2.9	2.9	PG (Control)	M	UCLA	1	PG (Control)_UCLA_1_2	PINK1 Precise Excision	2	5	na	na	flies	PG (Control)_M	control	PG (Control)_MUCLA2	N	N	PG (Control)_M_5	PG (Control)flies
G1-175	175	30ul	2	GTCTATGA	ATATACAC	FALSE	TRUE	G1	SA711	SC502	1.75	1.75	pink15	M	UCLA	0	pink15_UCLA_0_1	pink15	1	5	na	na	flies	pink15_M	mutant	pink15_MUCLA1	N	N	pink15_M_5	pink15flies
G1-179	179	30ul	2	GTCTATGA	GACACTGA	FALSE	TRUE	G1	SA711	SC506	1.79	1.79	pink15	M	UCLA	0	pink15_UCLA_0_1	pink15	1	5	na	na	flies	pink15_M	mutant	pink15_MUCLA1	N	N	pink15_M_5	pink15flies
G1-181	181	30ul	2	GTCTATGA	TAGTGTAG	FALSE	TRUE	G1	SA711	SC508	1.81	1.81	pink15	M	UCLA	0	pink15_UCLA_0_1	pink15	1	5	na	na	flies	pink15_M	mutant	pink15_MUCLA1	N	N	pink15_M_5	pink15flies
G2-21	21	30ul	1.7	TAGCAGCT	CGTTACTA	FALSE	TRUE	G2	SB703	SB502	2.1	2.1	pink15	M	UCLA	1	pink15_UCLA_1_2	pink15	2	5	na	na	flies	pink15_M	mutant	pink15_MUCLA2	N	N	pink15_M_5	pink15flies
G2-23	23	30ul	1.7	TAGCAGCT	TACGAGAC	FALSE	TRUE	G2	SB703	SB504	2.3	2.3	pink15	M	UCLA	2	pink15_UCLA_2_2	pink15	2	5	na	na	flies	pink15_M	mutant	pink15_MUCLA2	N	N	pink15_M_5	pink15flies
G2-25	25	30ul	1.7	GCGTATAC	CTACTATA	FALSE	TRUE	G2	SB709	SB501	2.5	2.5	pink15	M	UCLA	1	pink15_UCLA_1_2	pink15	2	5	na	na	flies	pink15_M	mutant	pink15_MUCLA2	N	N	pink15_M_5	pink15flies